,date,lottoNumber
0,2007/01/02,"02,12,33,36,37"
1,2007/01/03,"22,23,27,29,30"
2,2007/01/04,"03,09,23,32,39"
3,2007/01/05,"09,12,13,15,26"
4,2007/01/08,"08,11,13,24,39"
5,2007/01/09,"05,08,14,17,28"
6,2007/01/10,"05,30,34,35,38"
7,2007/01/11,"07,15,18,20,37"
8,2007/01/12,"06,21,23,26,33"
9,2007/01/15,"01,13,15,20,25"
10,2007/01/16,"06,13,27,31,32"
11,2007/01/17,"11,25,26,27,30"
12,2007/01/18,"10,15,20,22,28"
13,2007/01/19,"10,11,17,21,38"
14,2007/01/22,"10,13,15,28,39"
15,2007/01/23,"07,17,24,30,39"
16,2007/01/24,"03,04,15,23,34"
17,2007/01/25,"08,10,14,21,24"
18,2007/01/26,"06,08,10,36,37"
19,2007/01/29,"03,08,11,17,38"
20,2007/01/30,"05,10,12,15,27"
21,2007/01/31,"03,04,15,29,34"
22,2007/02/01,"13,18,25,26,36"
23,2007/02/02,"06,11,12,15,35"
24,2007/02/05,"03,16,19,20,31"
25,2007/02/06,"02,13,14,29,39"
26,2007/02/07,"07,11,23,32,35"
27,2007/02/08,"05,10,31,37,39"
28,2007/02/09,"07,16,20,25,27"
29,2007/02/12,"13,15,16,23,34"
30,2007/02/13,"02,22,28,29,34"
31,2007/02/14,"01,15,20,23,28"
32,2007/02/15,"06,24,27,28,33"
33,2007/02/16,"24,28,29,32,37"
34,2007/02/19,"09,12,24,34,37"
35,2007/02/20,"04,06,17,31,36"
36,2007/02/21,"08,18,20,32,34"
37,2007/02/22,"09,17,20,21,37"
38,2007/02/23,"09,12,16,19,25"
39,2007/02/26,"06,20,23,25,28"
40,2007/02/27,"09,12,19,23,34"
41,2007/02/28,"09,11,21,22,38"
42,2007/03/01,"02,03,12,18,31"
43,2007/03/02,"07,22,23,33,37"
44,2007/03/05,"05,11,19,21,25"
45,2007/03/06,"12,16,17,19,34"
46,2007/03/07,"02,12,19,30,34"
47,2007/03/08,"07,11,20,31,34"
48,2007/03/09,"02,17,30,31,38"
49,2007/03/12,"08,15,25,27,38"
50,2007/03/13,"06,09,16,18,22"
51,2007/03/14,"06,09,16,37,39"
52,2007/03/15,"01,07,21,27,33"
53,2007/03/16,"01,02,18,26,38"
54,2007/03/19,"05,20,24,28,39"
55,2007/03/20,"02,10,14,18,22"
56,2007/03/21,"06,14,34,37,38"
57,2007/03/22,"07,25,26,34,36"
58,2007/03/23,"12,19,20,29,32"
59,2007/03/26,"26,27,32,33,36"
60,2007/03/27,"11,20,36,37,38"
61,2007/03/28,"09,25,28,34,37"
62,2007/03/29,"08,22,23,27,29"
63,2007/03/30,"06,19,22,33,37"
64,2007/04/02,"01,07,21,33,35"
65,2007/04/03,"10,11,13,29,31"
66,2007/04/04,"01,19,30,34,35"
67,2007/04/05,"07,21,22,23,36"
68,2007/04/06,"04,07,12,33,34"
69,2007/04/09,"11,30,32,34,39"
70,2007/04/10,"06,08,09,30,39"
71,2007/04/11,"25,26,31,37,39"
72,2007/04/12,"01,09,11,17,25"
73,2007/04/13,"22,24,27,32,37"
74,2007/04/16,"14,18,26,28,36"
75,2007/04/17,"02,11,24,31,32"
76,2007/04/18,"03,12,22,38,39"
77,2007/04/19,"01,14,20,22,36"
78,2007/04/20,"03,06,22,37,39"
79,2007/04/23,"02,07,10,13,30"
80,2007/04/24,"01,04,06,09,16"
81,2007/04/25,"13,15,19,29,37"
82,2007/04/26,"05,07,15,32,39"
83,2007/04/27,"08,10,21,23,39"
84,2007/04/30,"04,07,12,17,29"
85,2007/05/01,"01,10,22,34,39"
86,2007/05/02,"04,23,34,37,39"
87,2007/05/03,"01,05,18,25,37"
88,2007/05/04,"07,08,09,12,14"
89,2007/05/07,"04,09,18,27,28"
90,2007/05/08,"02,10,18,23,33"
91,2007/05/09,"03,15,30,35,36"
92,2007/05/10,"14,19,22,25,35"
93,2007/05/11,"15,18,19,21,24"
94,2007/05/14,"02,09,10,14,39"
95,2007/05/15,"05,08,11,23,38"
96,2007/05/16,"01,11,18,21,24"
97,2007/05/17,"04,05,06,13,33"
98,2007/05/18,"06,11,15,37,39"
99,2007/05/21,"08,15,20,23,25"
100,2007/05/22,"01,13,18,31,32"
101,2007/05/23,"04,08,21,29,32"
102,2007/05/24,"07,08,13,30,35"
103,2007/05/25,"04,13,19,23,35"
104,2007/05/28,"04,05,10,17,37"
105,2007/05/29,"10,14,15,29,35"
106,2007/05/30,"05,20,33,38,39"
107,2007/05/31,"21,28,33,35,38"
108,2007/06/01,"01,03,07,13,28"
109,2007/06/04,"04,07,13,32,36"
110,2007/06/05,"06,08,18,25,35"
111,2007/06/06,"07,20,21,28,33"
112,2007/06/07,"01,07,18,19,21"
113,2007/06/08,"01,07,10,16,37"
114,2007/06/11,"07,14,27,29,30"
115,2007/06/12,"05,15,23,27,34"
116,2007/06/13,"01,02,03,20,25"
117,2007/06/14,"06,10,12,26,39"
118,2007/06/15,"02,12,23,25,27"
119,2007/06/18,"02,03,05,12,16"
120,2007/06/19,"01,06,08,10,28"
121,2007/06/20,"07,11,12,23,38"
122,2007/06/21,"18,19,28,35,39"
123,2007/06/22,"09,11,20,22,25"
124,2007/06/25,"20,22,23,24,34"
125,2007/06/26,"01,04,15,25,33"
126,2007/06/27,"03,06,14,20,21"
127,2007/06/28,"01,19,22,35,36"
128,2007/06/29,"25,31,33,34,37"
129,2007/07/02,"03,13,21,28,32"
130,2007/07/03,"15,17,23,25,38"
131,2007/07/04,"10,17,18,19,29"
132,2007/07/05,"01,02,11,23,37"
133,2007/07/06,"06,31,34,35,39"
134,2007/07/09,"08,12,24,34,35"
135,2007/07/10,"01,08,12,19,29"
136,2007/07/11,"05,14,19,20,29"
137,2007/07/12,"08,13,21,27,32"
138,2007/07/13,"01,03,20,26,31"
139,2007/07/16,"15,16,22,35,39"
140,2007/07/17,"05,17,23,27,30"
141,2007/07/18,"03,21,24,33,34"
142,2007/07/19,"01,06,19,24,37"
143,2007/07/20,"17,25,34,35,38"
144,2007/07/23,"03,11,15,20,36"
145,2007/07/24,"05,12,19,28,34"
146,2007/07/25,"01,09,10,19,21"
147,2007/07/26,"07,20,24,33,34"
148,2007/07/27,"08,11,12,18,21"
149,2007/07/30,"04,08,12,15,20"
150,2007/07/31,"07,14,17,37,39"
151,2007/08/01,"04,09,28,32,36"
152,2007/08/02,"09,15,21,35,39"
153,2007/08/03,"04,08,12,13,32"
154,2007/08/06,"02,08,13,33,36"
155,2007/08/07,"09,10,23,31,36"
156,2007/08/08,"07,11,12,27,29"
157,2007/08/09,"02,09,22,24,38"
158,2007/08/10,"13,16,17,26,33"
159,2007/08/13,"01,15,24,29,31"
160,2007/08/14,"04,15,25,26,36"
161,2007/08/15,"05,12,28,30,32"
162,2007/08/16,"07,14,29,30,35"
163,2007/08/17,"05,16,23,30,35"
164,2007/08/20,"04,17,23,26,28"
165,2007/08/21,"01,07,19,26,29"
166,2007/08/22,"03,17,22,31,34"
167,2007/08/23,"04,07,16,20,28"
168,2007/08/24,"02,07,12,16,39"
169,2007/08/27,"10,12,19,23,36"
170,2007/08/28,"04,07,14,29,36"
171,2007/08/29,"15,18,25,32,34"
172,2007/08/30,"07,14,25,28,37"
173,2007/08/31,"14,20,22,27,29"
174,2007/09/03,"12,18,24,27,33"
175,2007/09/04,"05,07,18,24,35"
176,2007/09/05,"01,28,31,34,38"
177,2007/09/06,"08,19,28,31,33"
178,2007/09/07,"02,19,23,30,37"
179,2007/09/10,"13,19,28,32,37"
180,2007/09/11,"04,21,27,35,38"
181,2007/09/12,"07,10,17,23,35"
182,2007/09/13,"01,03,10,15,26"
183,2007/09/14,"11,23,24,36,39"
184,2007/09/17,"16,24,25,26,30"
185,2007/09/18,"01,11,13,24,27"
186,2007/09/19,"04,06,17,24,37"
187,2007/09/20,"07,13,20,25,26"
188,2007/09/21,"12,17,24,34,38"
189,2007/09/24,"02,03,31,36,37"
190,2007/09/25,"01,17,19,27,36"
191,2007/09/26,"08,31,32,33,37"
192,2007/09/27,"06,11,12,16,33"
193,2007/09/28,"04,09,17,26,37"
194,2007/10/01,"02,28,31,33,35"
195,2007/10/02,"01,08,22,23,26"
196,2007/10/03,"01,05,08,12,24"
197,2007/10/04,"02,06,24,35,36"
198,2007/10/05,"08,11,25,34,39"
199,2007/10/08,"14,16,19,21,34"
200,2007/10/09,"05,07,12,22,26"
201,2007/10/10,"01,08,22,24,27"
202,2007/10/11,"04,18,23,26,36"
203,2007/10/12,"01,12,13,17,23"
204,2007/10/15,"09,10,17,18,31"
205,2007/10/16,"11,15,20,22,34"
206,2007/10/17,"03,07,18,19,23"
207,2007/10/18,"11,13,21,22,31"
208,2007/10/19,"07,22,27,29,32"
209,2007/10/22,"01,13,18,23,33"
210,2007/10/23,"03,04,09,22,39"
211,2007/10/24,"01,03,17,29,31"
212,2007/10/25,"09,11,16,20,31"
213,2007/10/26,"17,19,23,29,37"
214,2007/10/29,"03,04,17,32,39"
215,2007/10/30,"03,04,06,22,27"
216,2007/10/31,"15,23,28,35,36"
217,2007/11/01,"09,12,14,22,30"
218,2007/11/02,"01,04,05,30,31"
219,2007/11/05,"12,26,28,31,38"
220,2007/11/06,"09,26,32,33,37"
221,2007/11/07,"06,12,20,21,30"
222,2007/11/08,"23,24,25,29,36"
223,2007/11/09,"02,12,18,28,36"
224,2007/11/12,"30,33,34,36,37"
225,2007/11/13,"05,06,16,18,29"
226,2007/11/14,"02,09,24,31,39"
227,2007/11/15,"06,21,29,35,37"
228,2007/11/16,"01,05,10,19,32"
229,2007/11/19,"10,17,19,20,25"
230,2007/11/20,"07,25,32,34,36"
231,2007/11/21,"06,10,17,20,38"
232,2007/11/22,"04,12,15,30,38"
233,2007/11/23,"07,13,16,24,31"
234,2007/11/26,"05,12,19,29,30"
235,2007/11/27,"05,11,12,19,34"
236,2007/11/28,"01,06,11,14,28"
237,2007/11/29,"12,15,24,29,38"
238,2007/11/30,"03,09,27,32,35"
239,2007/12/03,"03,11,24,28,31"
240,2007/12/04,"11,15,32,36,39"
241,2007/12/05,"03,08,09,11,36"
242,2007/12/06,"11,14,29,32,39"
243,2007/12/07,"15,16,22,24,28"
244,2007/12/10,"02,07,18,19,38"
245,2007/12/11,"15,20,21,24,35"
246,2007/12/12,"10,19,27,36,38"
247,2007/12/13,"07,13,22,26,32"
248,2007/12/14,"02,14,15,28,37"
249,2007/12/17,"02,08,13,24,26"
250,2007/12/18,"07,21,24,30,36"
251,2007/12/19,"06,07,13,27,39"
252,2007/12/20,"13,16,24,29,30"
253,2007/12/21,"01,02,30,37,38"
254,2007/12/24,"19,31,34,36,37"
255,2007/12/25,"02,04,13,22,28"
256,2007/12/26,"01,11,18,20,33"
257,2007/12/27,"01,03,04,19,26"
258,2007/12/28,"01,02,14,22,30"
259,2007/12/31,"11,12,20,25,37"
260,2008/01/01,"11,26,31,35,37"
261,2008/01/02,"02,09,10,24,30"
262,2008/01/03,"18,28,32,33,38"
263,2008/01/04,"07,17,20,28,36"
264,2008/01/07,"02,11,18,19,21"
265,2008/01/08,"01,12,19,20,35"
266,2008/01/09,"04,09,16,19,29"
267,2008/01/10,"01,08,11,22,39"
268,2008/01/11,"04,08,27,30,32"
269,2008/01/14,"04,19,34,35,38"
270,2008/01/15,"05,11,16,21,26"
271,2008/01/16,"09,10,11,23,30"
272,2008/01/17,"02,20,35,37,38"
273,2008/01/18,"05,15,31,32,36"
274,2008/01/21,"01,11,23,26,29"
275,2008/01/22,"01,04,07,17,23"
276,2008/01/23,"01,03,04,11,28"
277,2008/01/24,"01,08,12,26,37"
278,2008/01/25,"02,08,15,17,20"
279,2008/01/28,"02,13,28,32,36"
280,2008/01/29,"01,04,09,10,29"
281,2008/01/30,"01,16,17,28,37"
282,2008/01/31,"01,02,17,24,35"
283,2008/02/01,"03,10,23,34,37"
284,2008/02/04,"03,12,23,26,34"
285,2008/02/05,"01,04,10,18,31"
286,2008/02/06,"04,17,18,29,33"
287,2008/02/07,"06,30,32,33,34"
288,2008/02/08,"03,10,11,34,38"
289,2008/02/11,"13,18,25,37,38"
290,2008/02/12,"01,10,12,28,38"
291,2008/02/13,"14,28,34,36,37"
292,2008/02/14,"03,04,10,36,39"
293,2008/02/15,"01,24,26,27,39"
294,2008/02/18,"05,14,17,18,21"
295,2008/02/19,"11,16,24,30,35"
296,2008/02/20,"11,20,27,30,33"
297,2008/02/21,"06,10,22,31,37"
298,2008/02/22,"09,22,23,26,32"
299,2008/02/25,"01,04,18,23,31"
300,2008/02/26,"28,30,32,36,37"
301,2008/02/27,"01,06,33,34,35"
302,2008/02/28,"01,03,09,20,22"
303,2008/02/29,"08,25,27,34,38"
304,2008/03/03,"04,05,10,13,22"
305,2008/03/04,"05,11,12,19,21"
306,2008/03/05,"02,10,13,14,15"
307,2008/03/06,"03,09,15,17,21"
308,2008/03/07,"06,07,15,36,39"
309,2008/03/10,"13,16,17,29,31"
310,2008/03/11,"04,10,16,17,22"
311,2008/03/12,"09,24,27,36,37"
312,2008/03/13,"01,11,19,21,33"
313,2008/03/14,"02,06,16,26,28"
314,2008/03/17,"02,11,16,20,37"
315,2008/03/18,"10,16,20,31,32"
316,2008/03/19,"01,14,19,21,33"
317,2008/03/20,"03,06,20,22,29"
318,2008/03/21,"04,10,19,20,30"
319,2008/03/24,"02,05,26,29,30"
320,2008/03/25,"01,03,08,30,36"
321,2008/03/26,"09,12,13,15,31"
322,2008/03/27,"14,20,26,29,37"
323,2008/03/28,"07,14,31,35,39"
324,2008/03/31,"09,16,30,32,38"
325,2008/04/01,"06,12,16,18,35"
326,2008/04/02,"04,10,14,24,26"
327,2008/04/03,"02,18,21,24,36"
328,2008/04/04,"10,17,21,32,35"
329,2008/04/07,"06,07,16,22,24"
330,2008/04/08,"07,10,15,37,38"
331,2008/04/09,"09,13,15,21,28"
332,2008/04/10,"05,08,09,17,24"
333,2008/04/11,"05,16,30,34,37"
334,2008/04/14,"02,10,17,18,21"
335,2008/04/15,"06,18,25,26,31"
336,2008/04/16,"07,18,20,22,33"
337,2008/04/17,"05,19,22,28,29"
338,2008/04/18,"11,12,20,32,35"
339,2008/04/21,"08,15,22,24,33"
340,2008/04/22,"03,10,12,19,24"
341,2008/04/23,"04,05,07,09,21"
342,2008/04/24,"03,14,25,33,38"
343,2008/04/25,"04,07,11,19,24"
344,2008/04/28,"02,15,17,19,21"
345,2008/04/29,"04,07,08,11,29"
346,2008/04/30,"10,25,27,30,39"
347,2008/05/01,"05,17,20,25,34"
348,2008/05/02,"01,13,15,16,30"
349,2008/05/05,"16,19,27,29,33"
350,2008/05/06,"08,16,17,33,38"
351,2008/05/07,"04,18,19,27,35"
352,2008/05/08,"23,27,33,35,39"
353,2008/05/09,"05,24,26,32,34"
354,2008/05/12,"05,09,18,31,35"
355,2008/05/13,"06,21,29,31,36"
356,2008/05/14,"04,28,31,36,37"
357,2008/05/15,"11,18,21,27,38"
358,2008/05/16,"13,18,20,21,23"
359,2008/05/19,"10,11,28,31,34"
360,2008/05/20,"04,18,24,28,38"
361,2008/05/21,"08,12,20,34,35"
362,2008/05/22,"11,21,25,31,38"
363,2008/05/23,"08,11,33,34,35"
364,2008/05/26,"02,03,17,23,30"
365,2008/05/27,"30,31,32,33,38"
366,2008/05/28,"01,03,30,31,39"
367,2008/05/29,"06,14,21,23,34"
368,2008/05/30,"16,23,25,30,33"
369,2008/06/02,"02,06,08,29,32"
370,2008/06/03,"06,09,19,33,35"
371,2008/06/04,"19,20,27,29,33"
372,2008/06/05,"04,17,23,27,29"
373,2008/06/06,"07,11,20,28,31"
374,2008/06/09,"07,16,20,27,35"
375,2008/06/10,"03,09,25,26,35"
376,2008/06/11,"07,11,14,19,20"
377,2008/06/12,"12,17,29,35,39"
378,2008/06/13,"01,04,09,33,38"
379,2008/06/16,"21,25,28,30,33"
380,2008/06/17,"01,04,10,16,37"
381,2008/06/18,"05,16,18,19,30"
382,2008/06/19,"04,06,11,18,29"
383,2008/06/20,"05,06,12,17,23"
384,2008/06/23,"14,17,18,24,29"
385,2008/06/24,"05,07,13,27,35"
386,2008/06/25,"06,07,18,28,34"
387,2008/06/26,"01,09,17,22,24"
388,2008/06/27,"06,12,19,22,34"
389,2008/06/30,"05,20,31,36,37"
390,2008/07/01,"06,09,10,35,36"
391,2008/07/02,"10,14,27,33,39"
392,2008/07/03,"01,04,16,18,37"
393,2008/07/04,"20,25,31,33,39"
394,2008/07/07,"09,16,20,37,38"
395,2008/07/08,"03,05,08,20,23"
396,2008/07/09,"01,11,17,21,34"
397,2008/07/10,"13,16,22,26,34"
398,2008/07/11,"05,10,12,30,34"
399,2008/07/14,"02,09,32,33,37"
400,2008/07/15,"02,20,25,27,28"
401,2008/07/16,"03,08,16,17,30"
402,2008/07/17,"02,08,20,25,27"
403,2008/07/18,"09,13,19,23,39"
404,2008/07/21,"05,10,17,19,23"
405,2008/07/22,"05,06,19,21,28"
406,2008/07/23,"04,18,22,26,30"
407,2008/07/24,"01,08,11,13,38"
408,2008/07/25,"08,17,26,28,32"
409,2008/07/28,"15,22,24,26,36"
410,2008/07/29,"06,12,13,32,38"
411,2008/07/30,"06,10,17,28,34"
412,2008/07/31,"03,20,24,31,39"
413,2008/08/01,"01,10,23,29,36"
414,2008/08/04,"09,11,14,17,25"
415,2008/08/05,"03,10,13,20,33"
416,2008/08/06,"22,27,30,33,38"
417,2008/08/07,"08,11,15,25,26"
418,2008/08/08,"01,06,14,17,31"
419,2008/08/11,"04,06,10,14,36"
420,2008/08/12,"03,05,09,28,33"
421,2008/08/13,"03,08,29,32,34"
422,2008/08/14,"18,22,25,28,39"
423,2008/08/15,"04,07,23,34,38"
424,2008/08/18,"02,04,23,27,32"
425,2008/08/19,"08,14,20,31,37"
426,2008/08/20,"17,30,31,35,37"
427,2008/08/21,"12,13,23,28,37"
428,2008/08/22,"01,03,09,10,20"
429,2008/08/25,"11,20,21,24,35"
430,2008/08/26,"04,06,11,28,30"
431,2008/08/27,"01,02,13,18,38"
432,2008/08/28,"01,16,31,33,37"
433,2008/08/29,"11,14,21,28,38"
434,2008/09/01,"15,26,27,28,37"
435,2008/09/02,"04,06,20,21,35"
436,2008/09/03,"01,05,28,32,33"
437,2008/09/04,"03,13,30,37,39"
438,2008/09/05,"04,15,20,31,34"
439,2008/09/08,"01,10,18,31,37"
440,2008/09/09,"08,24,28,38,39"
441,2008/09/10,"02,16,28,32,33"
442,2008/09/11,"10,12,29,34,35"
443,2008/09/12,"03,06,10,12,26"
444,2008/09/15,"02,11,16,26,37"
445,2008/09/16,"04,10,14,17,25"
446,2008/09/17,"08,16,33,36,37"
447,2008/09/18,"15,25,27,34,35"
448,2008/09/19,"02,13,17,23,27"
449,2008/09/22,"10,15,16,25,33"
450,2008/09/23,"09,24,25,30,34"
451,2008/09/24,"06,18,19,27,30"
452,2008/09/25,"01,13,16,23,32"
453,2008/09/26,"05,12,27,34,39"
454,2008/09/29,"04,13,19,22,37"
455,2008/09/30,"02,03,15,19,32"
456,2008/10/01,"13,15,23,25,34"
457,2008/10/02,"03,04,12,19,35"
458,2008/10/03,"07,21,23,27,36"
459,2008/10/06,"05,12,16,24,32"
460,2008/10/07,"10,18,19,23,30"
461,2008/10/08,"02,15,32,34,37"
462,2008/10/09,"01,04,19,20,37"
463,2008/10/10,"01,06,08,25,36"
464,2008/10/13,"06,10,11,13,14"
465,2008/10/14,"02,14,15,35,38"
466,2008/10/15,"03,04,08,23,26"
467,2008/10/16,"10,14,23,32,38"
468,2008/10/17,"03,04,06,30,38"
469,2008/10/20,"03,04,05,24,31"
470,2008/10/21,"08,14,21,25,28"
471,2008/10/22,"09,11,16,21,33"
472,2008/10/23,"08,34,36,37,39"
473,2008/10/24,"05,21,24,32,38"
474,2008/10/27,"03,18,31,32,33"
475,2008/10/28,"03,04,15,28,38"
476,2008/10/29,"17,18,19,26,30"
477,2008/10/30,"05,09,17,26,32"
478,2008/10/31,"05,29,31,35,38"
479,2008/11/03,"11,23,27,33,36"
480,2008/11/04,"05,09,10,15,25"
481,2008/11/05,"01,24,31,34,37"
482,2008/11/06,"01,08,12,13,35"
483,2008/11/07,"03,05,07,22,28"
484,2008/11/10,"04,19,26,30,31"
485,2008/11/11,"08,23,32,33,39"
486,2008/11/12,"05,11,24,28,31"
487,2008/11/13,"08,23,25,26,34"
488,2008/11/14,"04,05,12,13,29"
489,2008/11/17,"17,19,30,31,36"
490,2008/11/18,"07,08,18,22,24"
491,2008/11/19,"29,30,31,33,34"
492,2008/11/20,"02,21,28,38,39"
493,2008/11/21,"05,10,14,23,27"
494,2008/11/24,"01,02,24,25,34"
495,2008/11/25,"05,12,15,18,29"
496,2008/11/26,"04,18,24,26,30"
497,2008/11/27,"08,14,21,28,36"
498,2008/11/28,"14,15,16,18,39"
499,2008/12/01,"05,07,10,19,36"
500,2008/12/02,"06,09,15,17,31"
501,2008/12/03,"08,09,19,28,32"
502,2008/12/04,"17,19,21,38,39"
503,2008/12/05,"05,07,31,36,38"
504,2008/12/08,"13,27,35,37,38"
505,2008/12/09,"02,26,28,31,35"
506,2008/12/10,"14,20,22,27,30"
507,2008/12/11,"01,04,10,14,17"
508,2008/12/12,"10,14,23,25,32"
509,2008/12/15,"02,05,33,36,39"
510,2008/12/16,"12,16,18,25,28"
511,2008/12/17,"05,08,11,14,22"
512,2008/12/18,"14,16,28,35,37"
513,2008/12/19,"08,12,18,24,28"
514,2008/12/22,"05,06,20,31,37"
515,2008/12/23,"03,11,20,25,37"
516,2008/12/24,"02,15,25,36,37"
517,2008/12/25,"08,18,32,37,38"
518,2008/12/26,"11,12,25,26,35"
519,2008/12/29,"09,20,22,34,36"
520,2008/12/30,"03,08,13,19,37"
521,2008/12/31,"08,12,36,37,39"
522,2009/01/01,"06,11,14,17,32"
523,2009/01/02,"12,20,30,38,39"
524,2009/01/05,"02,03,21,24,29"
525,2009/01/06,"02,09,10,11,37"
526,2009/01/07,"12,20,26,33,39"
527,2009/01/08,"27,28,32,34,35"
528,2009/01/09,"01,07,11,15,30"
529,2009/01/12,"10,15,20,22,36"
530,2009/01/13,"02,11,21,30,34"
531,2009/01/14,"04,14,25,34,38"
532,2009/01/15,"14,17,29,35,36"
533,2009/01/16,"08,09,25,28,35"
534,2009/01/19,"03,18,24,31,36"
535,2009/01/20,"05,08,26,32,38"
536,2009/01/21,"02,03,09,24,35"
537,2009/01/22,"04,05,21,25,35"
538,2009/01/23,"02,14,21,33,39"
539,2009/01/26,"02,07,14,31,39"
540,2009/01/27,"02,06,09,21,36"
541,2009/01/28,"05,08,09,26,29"
542,2009/01/29,"04,09,16,26,31"
543,2009/01/30,"16,19,30,31,38"
544,2009/02/02,"08,18,23,27,37"
545,2009/02/03,"05,18,30,31,39"
546,2009/02/04,"05,19,22,30,33"
547,2009/02/05,"04,07,16,19,25"
548,2009/02/06,"07,12,20,37,39"
549,2009/02/09,"06,12,15,21,23"
550,2009/02/10,"20,21,24,26,30"
551,2009/02/11,"05,17,18,23,37"
552,2009/02/12,"05,06,24,32,36"
553,2009/02/13,"04,05,29,32,38"
554,2009/02/16,"03,06,23,24,35"
555,2009/02/17,"01,09,18,25,36"
556,2009/02/18,"01,10,19,22,34"
557,2009/02/19,"07,09,15,23,31"
558,2009/02/20,"02,05,19,22,24"
559,2009/02/23,"15,22,32,33,39"
560,2009/02/24,"03,06,11,20,30"
561,2009/02/25,"16,22,24,28,36"
562,2009/02/26,"02,05,06,27,35"
563,2009/02/27,"01,09,13,18,25"
564,2009/03/02,"03,15,24,30,33"
565,2009/03/03,"01,11,19,21,22"
566,2009/03/04,"05,10,29,30,36"
567,2009/03/05,"01,25,29,31,38"
568,2009/03/06,"06,08,09,19,38"
569,2009/03/09,"10,21,24,33,36"
570,2009/03/10,"04,07,09,34,38"
571,2009/03/11,"12,19,32,36,39"
572,2009/03/12,"12,31,32,36,37"
573,2009/03/13,"03,04,13,25,36"
574,2009/03/16,"01,04,11,29,38"
575,2009/03/17,"05,07,13,35,37"
576,2009/03/18,"04,27,32,35,38"
577,2009/03/19,"02,30,31,33,39"
578,2009/03/20,"09,17,33,34,36"
579,2009/03/23,"05,22,24,27,28"
580,2009/03/24,"05,17,21,31,38"
581,2009/03/25,"14,15,17,30,32"
582,2009/03/26,"01,13,16,28,29"
583,2009/03/27,"03,09,12,24,39"
584,2009/03/30,"08,15,25,26,28"
585,2009/03/31,"20,21,25,31,34"
586,2009/04/01,"11,16,22,31,36"
587,2009/04/02,"13,16,23,29,31"
588,2009/04/03,"12,14,19,37,39"
589,2009/04/06,"16,20,35,36,39"
590,2009/04/07,"02,04,10,24,39"
591,2009/04/08,"03,08,10,26,33"
592,2009/04/09,"05,08,18,26,36"
593,2009/04/10,"01,02,03,23,32"
594,2009/04/13,"03,06,17,30,38"
595,2009/04/14,"03,05,21,29,30"
596,2009/04/15,"03,23,29,35,38"
597,2009/04/16,"04,11,15,25,30"
598,2009/04/17,"07,08,32,33,39"
599,2009/04/20,"01,03,29,37,39"
600,2009/04/21,"11,16,20,27,28"
601,2009/04/22,"02,17,20,36,38"
602,2009/04/23,"01,02,21,30,31"
603,2009/04/24,"11,20,28,36,38"
604,2009/04/27,"03,09,16,23,29"
605,2009/04/28,"02,07,35,36,38"
606,2009/04/29,"01,07,13,19,20"
607,2009/04/30,"15,16,22,27,37"
608,2009/05/01,"12,13,29,31,36"
609,2009/05/04,"12,15,16,29,33"
610,2009/05/05,"06,22,28,34,37"
611,2009/05/06,"05,07,16,35,39"
612,2009/05/07,"19,20,21,26,30"
613,2009/05/08,"01,14,22,33,34"
614,2009/05/11,"01,10,16,24,39"
615,2009/05/12,"01,09,11,31,34"
616,2009/05/13,"11,16,20,30,37"
617,2009/05/14,"09,10,20,33,37"
618,2009/05/15,"24,25,26,37,39"
619,2009/05/18,"03,12,13,36,38"
620,2009/05/19,"03,09,11,29,31"
621,2009/05/20,"09,15,18,22,23"
622,2009/05/21,"02,13,20,32,39"
623,2009/05/22,"03,11,12,27,34"
624,2009/05/25,"01,27,30,33,39"
625,2009/05/26,"01,07,16,34,36"
626,2009/05/27,"14,17,21,26,32"
627,2009/05/28,"09,11,30,34,38"
628,2009/05/29,"05,06,09,25,38"
629,2009/06/01,"01,20,21,29,31"
630,2009/06/02,"01,04,06,12,18"
631,2009/06/03,"08,10,20,24,37"
632,2009/06/04,"15,19,25,28,36"
633,2009/06/05,"02,12,14,15,38"
634,2009/06/08,"09,13,22,27,33"
635,2009/06/09,"06,23,31,34,38"
636,2009/06/10,"12,24,27,31,35"
637,2009/06/11,"14,15,19,25,33"
638,2009/06/12,"04,19,33,34,35"
639,2009/06/15,"07,13,18,21,27"
640,2009/06/16,"04,06,15,19,20"
641,2009/06/17,"07,12,16,27,36"
642,2009/06/18,"01,11,19,24,29"
643,2009/06/19,"06,12,18,21,37"
644,2009/06/22,"10,17,21,25,34"
645,2009/06/23,"17,20,21,31,32"
646,2009/06/24,"16,21,22,34,38"
647,2009/06/25,"02,10,19,28,38"
648,2009/06/26,"13,15,20,27,39"
649,2009/06/29,"03,07,09,15,24"
650,2009/06/30,"01,11,21,29,31"
651,2009/07/01,"09,11,25,32,33"
652,2009/07/02,"04,10,25,30,31"
653,2009/07/03,"02,04,14,29,35"
654,2009/07/06,"03,06,07,13,23"
655,2009/07/07,"01,22,27,30,36"
656,2009/07/08,"12,13,22,24,33"
657,2009/07/09,"06,17,21,35,37"
658,2009/07/10,"03,15,25,26,31"
659,2009/07/13,"14,16,31,36,37"
660,2009/07/14,"03,04,07,15,23"
661,2009/07/15,"02,05,27,36,37"
662,2009/07/16,"02,10,21,37,39"
663,2009/07/17,"01,03,06,15,33"
664,2009/07/20,"04,08,09,17,38"
665,2009/07/21,"03,17,24,25,32"
666,2009/07/22,"03,06,10,13,22"
667,2009/07/23,"01,03,24,32,39"
668,2009/07/24,"14,28,30,33,34"
669,2009/07/27,"05,08,36,37,38"
670,2009/07/28,"03,13,19,21,37"
671,2009/07/29,"02,15,23,24,33"
672,2009/07/30,"03,09,18,34,38"
673,2009/07/31,"13,14,16,17,32"
674,2009/08/03,"01,06,20,23,26"
675,2009/08/04,"10,12,14,18,34"
676,2009/08/05,"02,10,25,29,37"
677,2009/08/06,"16,17,28,32,33"
678,2009/08/07,"01,08,14,25,37"
679,2009/08/10,"03,12,19,23,39"
680,2009/08/11,"05,18,22,23,32"
681,2009/08/12,"05,08,17,32,37"
682,2009/08/13,"08,11,15,17,31"
683,2009/08/14,"08,25,28,30,37"
684,2009/08/17,"01,10,25,34,38"
685,2009/08/18,"06,07,15,17,26"
686,2009/08/19,"06,14,20,35,36"
687,2009/08/20,"09,12,14,16,34"
688,2009/08/21,"17,23,26,28,31"
689,2009/08/24,"01,18,22,27,39"
690,2009/08/25,"07,14,17,29,37"
691,2009/08/26,"07,10,17,19,26"
692,2009/08/27,"24,26,28,29,37"
693,2009/08/28,"09,16,21,24,29"
694,2009/08/31,"01,05,16,20,38"
695,2009/09/01,"02,15,22,32,35"
696,2009/09/02,"02,04,07,34,38"
697,2009/09/03,"10,17,23,26,39"
698,2009/09/04,"09,17,27,32,38"
699,2009/09/07,"09,11,22,27,29"
700,2009/09/08,"01,11,26,27,31"
701,2009/09/09,"01,22,26,29,31"
702,2009/09/10,"13,15,16,18,26"
703,2009/09/11,"16,25,26,32,33"
704,2009/09/14,"08,13,14,26,27"
705,2009/09/15,"06,14,27,30,31"
706,2009/09/16,"08,23,27,28,38"
707,2009/09/17,"07,19,23,30,39"
708,2009/09/18,"11,12,15,22,38"
709,2009/09/21,"04,14,24,27,34"
710,2009/09/22,"09,14,18,27,32"
711,2009/09/23,"03,09,13,37,38"
712,2009/09/24,"02,09,10,21,37"
713,2009/09/25,"03,05,14,16,20"
714,2009/09/28,"06,26,31,32,33"
715,2009/09/29,"11,24,31,32,34"
716,2009/09/30,"05,07,11,16,23"
717,2009/10/01,"07,14,24,31,35"
718,2009/10/02,"14,24,26,31,36"
719,2009/10/05,"18,20,23,24,30"
720,2009/10/06,"15,18,22,25,29"
721,2009/10/07,"03,05,08,09,35"
722,2009/10/08,"02,26,31,33,34"
723,2009/10/09,"01,08,28,35,38"
724,2009/10/12,"02,09,17,27,29"
725,2009/10/13,"06,13,24,26,31"
726,2009/10/14,"03,09,10,23,26"
727,2009/10/15,"07,13,18,28,38"
728,2009/10/16,"02,11,16,19,23"
729,2009/10/19,"12,20,23,34,36"
730,2009/10/20,"10,11,15,17,30"
731,2009/10/21,"15,21,23,36,39"
732,2009/10/22,"07,10,24,31,32"
733,2009/10/23,"02,15,21,23,37"
734,2009/10/26,"06,17,23,29,37"
735,2009/10/27,"06,19,22,25,29"
736,2009/10/28,"01,13,18,27,34"
737,2009/10/29,"03,06,15,17,26"
738,2009/10/30,"05,14,22,37,38"
739,2009/11/02,"03,04,17,23,26"
740,2009/11/03,"07,30,32,35,39"
741,2009/11/04,"02,09,10,27,35"
742,2009/11/05,"05,11,15,26,39"
743,2009/11/06,"08,10,20,21,35"
744,2009/11/09,"06,17,18,31,37"
745,2009/11/10,"08,12,26,27,30"
746,2009/11/11,"13,28,33,37,39"
747,2009/11/12,"12,22,26,28,38"
748,2009/11/13,"01,05,28,31,34"
749,2009/11/16,"11,16,34,35,36"
750,2009/11/17,"02,06,19,28,32"
751,2009/11/18,"05,14,15,26,37"
752,2009/11/19,"22,23,25,31,34"
753,2009/11/20,"05,10,17,28,38"
754,2009/11/23,"05,25,27,32,39"
755,2009/11/24,"03,10,17,18,23"
756,2009/11/25,"06,10,11,18,37"
757,2009/11/26,"09,14,27,28,38"
758,2009/11/27,"07,15,24,31,38"
759,2009/11/30,"10,13,22,29,30"
760,2009/12/01,"02,07,08,25,29"
761,2009/12/02,"14,25,33,36,38"
762,2009/12/03,"04,08,18,21,23"
763,2009/12/04,"14,15,17,34,37"
764,2009/12/07,"09,10,25,31,33"
765,2009/12/08,"01,05,11,15,35"
766,2009/12/09,"07,16,29,35,37"
767,2009/12/10,"07,14,15,24,28"
768,2009/12/11,"06,09,26,27,29"
769,2009/12/14,"06,10,16,27,28"
770,2009/12/15,"19,25,26,30,35"
771,2009/12/16,"10,19,30,37,39"
772,2009/12/17,"04,15,21,37,39"
773,2009/12/18,"05,20,21,25,37"
774,2009/12/21,"18,22,26,29,32"
775,2009/12/22,"02,05,07,10,17"
776,2009/12/23,"02,08,15,30,35"
777,2009/12/24,"02,11,19,20,36"
778,2009/12/25,"02,15,17,19,28"
779,2009/12/28,"03,05,10,13,29"
780,2009/12/29,"05,18,27,28,35"
781,2009/12/30,"07,12,13,31,34"
782,2009/12/31,"06,07,21,31,39"
783,2010/01/01,"03,04,05,23,27"
784,2010/01/04,"04,14,19,27,31"
785,2010/01/05,"03,05,15,27,35"
786,2010/01/06,"11,25,28,37,39"
787,2010/01/07,"06,24,26,30,34"
788,2010/01/08,"11,16,17,18,30"
789,2010/01/11,"17,19,24,27,29"
790,2010/01/12,"01,19,27,30,37"
791,2010/01/13,"08,16,33,36,39"
792,2010/01/14,"12,16,28,32,33"
793,2010/01/15,"13,29,31,32,38"
794,2010/01/18,"05,14,33,36,38"
795,2010/01/19,"10,11,23,25,32"
796,2010/01/20,"14,19,28,33,39"
797,2010/01/21,"07,11,18,29,37"
798,2010/01/22,"01,12,18,25,35"
799,2010/01/25,"12,19,22,23,31"
800,2010/01/26,"02,05,06,09,23"
801,2010/01/27,"07,08,14,25,38"
802,2010/01/28,"01,03,11,32,36"
803,2010/01/29,"11,15,17,22,30"
804,2010/02/01,"02,07,22,30,35"
805,2010/02/02,"05,16,20,37,38"
806,2010/02/03,"03,15,32,35,38"
807,2010/02/04,"02,04,11,16,25"
808,2010/02/05,"01,05,15,21,25"
809,2010/02/08,"13,27,31,35,39"
810,2010/02/09,"04,06,24,26,32"
811,2010/02/10,"07,13,19,36,38"
812,2010/02/11,"06,09,23,27,31"
813,2010/02/12,"11,21,23,26,38"
814,2010/02/15,"01,02,09,11,28"
815,2010/02/16,"18,19,27,35,39"
816,2010/02/17,"04,07,08,28,34"
817,2010/02/18,"09,11,24,26,39"
818,2010/02/19,"06,21,22,24,32"
819,2010/02/22,"02,09,15,22,26"
820,2010/02/23,"09,20,27,33,36"
821,2010/02/24,"05,16,17,28,39"
822,2010/02/25,"04,09,13,27,37"
823,2010/02/26,"09,18,19,25,32"
824,2010/03/01,"03,06,10,25,34"
825,2010/03/02,"07,08,20,25,29"
826,2010/03/03,"04,07,15,26,33"
827,2010/03/04,"02,05,10,21,34"
828,2010/03/05,"11,14,20,35,39"
829,2010/03/08,"07,11,19,21,27"
830,2010/03/09,"05,11,12,14,28"
831,2010/03/10,"02,07,16,30,39"
832,2010/03/11,"01,03,17,30,38"
833,2010/03/12,"01,10,19,22,28"
834,2010/03/15,"04,10,18,22,25"
835,2010/03/16,"04,06,10,33,37"
836,2010/03/17,"03,28,33,34,38"
837,2010/03/18,"03,06,24,25,37"
838,2010/03/19,"08,14,28,29,35"
839,2010/03/22,"02,23,25,29,32"
840,2010/03/23,"09,18,26,32,34"
841,2010/03/24,"30,31,32,34,35"
842,2010/03/25,"09,13,26,34,39"
843,2010/03/26,"09,10,12,22,37"
844,2010/03/29,"10,12,14,18,34"
845,2010/03/30,"16,21,25,31,33"
846,2010/03/31,"01,09,12,19,28"
847,2010/04/01,"02,17,35,37,38"
848,2010/04/02,"07,20,23,31,39"
849,2010/04/05,"07,17,18,35,37"
850,2010/04/06,"25,28,29,36,37"
851,2010/04/07,"04,16,29,32,36"
852,2010/04/08,"08,10,15,17,26"
853,2010/04/09,"05,14,18,23,36"
854,2010/04/12,"12,15,24,30,35"
855,2010/04/13,"09,12,21,22,27"
856,2010/04/14,"05,12,15,35,36"
857,2010/04/15,"01,04,11,18,23"
858,2010/04/16,"01,05,20,24,37"
859,2010/04/19,"03,15,19,26,27"
860,2010/04/20,"04,06,10,28,32"
861,2010/04/21,"02,03,12,21,25"
862,2010/04/22,"03,04,05,06,09"
863,2010/04/23,"08,15,27,35,36"
864,2010/04/26,"12,22,27,31,39"
865,2010/04/27,"01,13,19,29,33"
866,2010/04/28,"05,06,13,37,38"
867,2010/04/29,"14,15,27,31,35"
868,2010/04/30,"15,17,21,28,31"
869,2010/05/03,"05,10,16,19,38"
870,2010/05/04,"16,22,26,32,36"
871,2010/05/05,"01,14,19,30,34"
872,2010/05/06,"03,08,13,23,27"
873,2010/05/07,"08,09,21,29,30"
874,2010/05/10,"14,17,24,29,33"
875,2010/05/11,"04,10,12,25,37"
876,2010/05/12,"08,13,28,30,36"
877,2010/05/13,"09,11,22,26,30"
878,2010/05/14,"02,06,08,15,22"
879,2010/05/17,"02,12,18,33,38"
880,2010/05/18,"13,21,22,33,37"
881,2010/05/19,"01,11,13,20,37"
882,2010/05/20,"07,13,15,27,39"
883,2010/05/21,"05,21,28,35,38"
884,2010/05/24,"10,26,27,35,36"
885,2010/05/25,"05,06,07,10,14"
886,2010/05/26,"04,14,17,37,39"
887,2010/05/27,"02,21,32,33,34"
888,2010/05/28,"17,22,25,33,39"
889,2010/05/31,"09,12,15,31,39"
890,2010/06/01,"02,07,23,24,34"
891,2010/06/02,"13,17,19,35,39"
892,2010/06/03,"09,21,33,35,37"
893,2010/06/04,"15,16,25,30,38"
894,2010/06/07,"10,21,22,32,35"
895,2010/06/08,"02,09,26,30,32"
896,2010/06/09,"03,04,13,25,28"
897,2010/06/10,"07,12,17,30,37"
898,2010/06/11,"13,18,28,33,36"
899,2010/06/15,"17,18,22,31,37"
900,2010/06/15,"01,14,21,28,38"
901,2010/06/16,"09,17,19,26,39"
902,2010/06/17,"01,02,09,18,35"
903,2010/06/18,"03,20,29,33,39"
904,2010/06/21,"01,16,17,23,31"
905,2010/06/22,"22,24,27,28,31"
906,2010/06/23,"02,10,29,36,39"
907,2010/06/24,"05,06,11,14,22"
908,2010/06/25,"02,05,21,24,34"
909,2010/06/28,"13,22,23,27,34"
910,2010/06/29,"01,02,04,35,37"
911,2010/06/30,"01,12,34,38,39"
912,2010/07/01,"10,19,20,23,29"
913,2010/07/02,"02,04,28,29,30"
914,2010/07/05,"12,15,28,29,37"
915,2010/07/06,"04,10,23,25,27"
916,2010/07/07,"06,16,28,31,35"
917,2010/07/08,"05,17,20,34,37"
918,2010/07/09,"03,13,35,36,37"
919,2010/07/12,"03,04,11,33,39"
920,2010/07/13,"10,11,25,28,38"
921,2010/07/14,"05,19,21,23,33"
922,2010/07/15,"05,07,20,25,36"
923,2010/07/16,"14,15,28,34,38"
924,2010/07/19,"03,06,19,23,25"
925,2010/07/20,"04,08,11,25,33"
926,2010/07/21,"15,16,26,29,30"
927,2010/07/22,"08,11,34,35,36"
928,2010/07/23,"01,14,21,22,39"
929,2010/07/26,"12,15,21,34,39"
930,2010/07/27,"13,22,24,25,28"
931,2010/07/28,"01,07,14,22,23"
932,2010/07/29,"14,25,26,30,35"
933,2010/07/30,"07,09,14,24,28"
934,2010/08/02,"02,07,29,32,33"
935,2010/08/03,"07,14,27,32,33"
936,2010/08/04,"14,16,21,31,33"
937,2010/08/05,"17,26,34,36,38"
938,2010/08/06,"03,15,27,29,35"
939,2010/08/09,"09,12,19,26,32"
940,2010/08/10,"04,17,21,24,32"
941,2010/08/11,"06,18,34,38,39"
942,2010/08/12,"08,25,27,35,39"
943,2010/08/13,"23,26,28,30,32"
944,2010/08/16,"03,04,12,13,35"
945,2010/08/17,"02,05,11,17,36"
946,2010/08/18,"07,19,27,28,29"
947,2010/08/19,"09,22,26,28,31"
948,2010/08/20,"02,06,12,21,28"
949,2010/08/23,"05,06,15,36,38"
950,2010/08/24,"03,04,08,15,34"
951,2010/08/25,"01,07,11,31,34"
952,2010/08/26,"05,13,30,37,38"
953,2010/08/27,"02,06,12,23,33"
954,2010/08/30,"04,12,20,34,35"
955,2010/08/31,"08,10,28,33,34"
956,2010/09/01,"07,16,18,34,39"
957,2010/09/02,"08,23,25,28,38"
958,2010/09/03,"06,11,13,22,36"
959,2010/09/06,"16,18,35,36,39"
960,2010/09/07,"01,11,12,28,32"
961,2010/09/08,"03,14,29,33,38"
962,2010/09/09,"05,12,14,18,34"
963,2010/09/10,"05,13,15,23,31"
964,2010/09/13,"03,06,15,24,31"
965,2010/09/14,"05,09,24,32,36"
966,2010/09/15,"03,11,21,29,39"
967,2010/09/16,"03,06,12,14,21"
968,2010/09/17,"02,05,09,25,35"
969,2010/09/20,"03,08,09,15,28"
970,2010/09/21,"02,08,12,30,34"
971,2010/09/22,"08,18,23,33,36"
972,2010/09/23,"15,28,30,31,36"
973,2010/09/24,"02,09,13,21,33"
974,2010/09/27,"04,25,30,33,39"
975,2010/09/28,"14,26,31,35,37"
976,2010/09/29,"02,14,24,34,37"
977,2010/09/30,"05,14,16,24,34"
978,2010/10/01,"13,24,27,28,35"
979,2010/10/04,"09,13,20,34,35"
980,2010/10/05,"14,18,23,28,33"
981,2010/10/06,"14,16,20,22,29"
982,2010/10/07,"02,19,32,33,39"
983,2010/10/08,"04,16,18,29,31"
984,2010/10/11,"01,06,07,24,35"
985,2010/10/12,"01,08,09,23,39"
986,2010/10/13,"09,11,21,24,30"
987,2010/10/14,"05,17,27,28,29"
988,2010/10/15,"01,04,12,24,25"
989,2010/10/18,"05,12,27,30,32"
990,2010/10/19,"21,23,27,30,36"
991,2010/10/20,"09,11,15,29,37"
992,2010/10/21,"15,17,18,23,27"
993,2010/10/22,"01,03,11,19,32"
994,2010/10/25,"02,05,06,30,36"
995,2010/10/26,"08,11,12,15,18"
996,2010/10/27,"02,07,15,27,35"
997,2010/10/28,"01,06,12,33,37"
998,2010/10/29,"02,07,11,17,38"
999,2010/11/01,"09,15,16,21,29"
1000,2010/11/02,"04,06,13,19,20"
1001,2010/11/03,"24,30,31,32,33"
1002,2010/11/04,"01,08,21,26,39"
1003,2010/11/05,"01,04,05,24,37"
1004,2010/11/08,"04,08,12,15,38"
1005,2010/11/09,"04,14,19,31,38"
1006,2010/11/10,"07,25,28,33,36"
1007,2010/11/11,"05,09,24,34,36"
1008,2010/11/12,"06,08,16,21,23"
1009,2010/11/15,"05,06,22,32,39"
1010,2010/11/16,"06,14,24,26,29"
1011,2010/11/17,"13,15,20,28,36"
1012,2010/11/18,"01,07,18,30,31"
1013,2010/11/19,"07,09,13,20,24"
1014,2010/11/22,"04,08,25,35,36"
1015,2010/11/23,"01,27,33,38,39"
1016,2010/11/24,"01,10,16,24,25"
1017,2010/11/25,"03,12,13,19,39"
1018,2010/11/26,"04,09,17,18,20"
1019,2010/11/29,"03,15,19,31,35"
1020,2010/11/30,"04,12,14,19,32"
1021,2010/12/01,"03,18,22,23,33"
1022,2010/12/02,"13,16,18,29,30"
1023,2010/12/03,"03,16,31,32,35"
1024,2010/12/06,"07,16,18,20,34"
1025,2010/12/07,"03,12,25,28,33"
1026,2010/12/08,"01,17,20,28,36"
1027,2010/12/09,"12,13,29,33,34"
1028,2010/12/10,"14,15,25,30,35"
1029,2010/12/13,"15,20,27,37,38"
1030,2010/12/14,"01,11,24,25,30"
1031,2010/12/15,"05,09,20,28,32"
1032,2010/12/16,"02,21,22,37,38"
1033,2010/12/17,"05,09,12,16,29"
1034,2010/12/20,"19,21,22,28,36"
1035,2010/12/21,"08,20,21,34,39"
1036,2010/12/22,"01,06,12,17,33"
1037,2010/12/23,"02,06,08,09,11"
1038,2010/12/24,"10,12,16,34,38"
1039,2010/12/27,"03,15,24,26,34"
1040,2010/12/28,"11,19,22,28,38"
1041,2010/12/29,"06,20,23,26,35"
1042,2010/12/30,"08,12,23,28,29"
1043,2010/12/31,"22,25,30,32,34"
1044,2011/01/01,"02,13,24,25,36"
1045,2011/01/03,"11,13,20,25,35"
1046,2011/01/04,"06,08,10,16,36"
1047,2011/01/05,"05,17,26,29,32"
1048,2011/01/06,"07,28,31,32,36"
1049,2011/01/07,"10,11,18,34,38"
1050,2011/01/08,"03,10,14,18,35"
1051,2011/01/10,"04,10,20,32,39"
1052,2011/01/11,"03,09,13,25,37"
1053,2011/01/12,"01,02,04,21,32"
1054,2011/01/13,"05,14,23,31,32"
1055,2011/01/14,"08,14,27,28,36"
1056,2011/01/15,"08,17,18,30,36"
1057,2011/01/17,"02,05,17,28,36"
1058,2011/01/18,"03,05,11,22,37"
1059,2011/01/19,"18,20,22,29,33"
1060,2011/01/20,"04,15,26,28,31"
1061,2011/01/21,"18,23,31,36,39"
1062,2011/01/22,"03,20,23,24,37"
1063,2011/01/24,"04,06,10,19,25"
1064,2011/01/25,"14,15,18,21,29"
1065,2011/01/26,"07,12,19,25,35"
1066,2011/01/27,"05,14,18,20,37"
1067,2011/01/28,"15,24,33,38,39"
1068,2011/01/29,"05,20,22,35,38"
1069,2011/01/31,"09,16,21,25,36"
1070,2011/02/01,"18,23,26,32,39"
1071,2011/02/02,"06,08,16,22,26"
1072,2011/02/03,"11,12,22,24,39"
1073,2011/02/04,"09,17,25,32,37"
1074,2011/02/05,"08,30,32,37,38"
1075,2011/02/07,"02,13,19,28,37"
1076,2011/02/08,"04,19,24,28,35"
1077,2011/02/09,"05,17,22,36,39"
1078,2011/02/10,"02,03,10,20,28"
1079,2011/02/11,"18,26,28,29,39"
1080,2011/02/12,"12,17,22,26,27"
1081,2011/02/14,"01,07,19,27,38"
1082,2011/02/15,"03,11,18,30,37"
1083,2011/02/16,"02,08,21,22,36"
1084,2011/02/17,"25,29,33,34,37"
1085,2011/02/18,"03,06,08,23,24"
1086,2011/02/19,"08,13,23,26,37"
1087,2011/02/21,"11,19,26,30,33"
1088,2011/02/22,"07,26,34,36,38"
1089,2011/02/23,"01,04,17,24,37"
1090,2011/02/24,"05,11,14,18,20"
1091,2011/02/25,"08,13,24,31,38"
1092,2011/02/26,"04,08,18,22,25"
1093,2011/02/28,"01,07,17,20,35"
1094,2011/03/01,"06,30,36,37,38"
1095,2011/03/02,"07,14,23,27,34"
1096,2011/03/03,"03,04,07,21,38"
1097,2011/03/04,"08,12,33,36,39"
1098,2011/03/05,"02,06,14,33,37"
1099,2011/03/07,"06,08,10,28,32"
1100,2011/03/08,"02,11,12,18,36"
1101,2011/03/09,"07,08,31,32,34"
1102,2011/03/10,"04,09,24,25,35"
1103,2011/03/11,"05,09,14,25,38"
1104,2011/03/12,"13,15,25,28,37"
1105,2011/03/14,"05,16,19,28,35"
1106,2011/03/15,"06,09,23,31,39"
1107,2011/03/16,"09,16,20,33,34"
1108,2011/03/17,"11,21,23,29,30"
1109,2011/03/18,"22,33,36,38,39"
1110,2011/03/19,"02,09,13,25,29"
1111,2011/03/21,"05,11,14,29,38"
1112,2011/03/22,"08,18,27,29,39"
1113,2011/03/23,"05,12,13,14,21"
1114,2011/03/24,"04,17,18,30,34"
1115,2011/03/25,"07,22,23,26,39"
1116,2011/03/26,"02,06,19,23,35"
1117,2011/03/28,"06,25,27,28,29"
1118,2011/03/29,"04,18,28,31,35"
1119,2011/03/30,"01,03,16,27,32"
1120,2011/03/31,"21,22,29,33,36"
1121,2011/04/01,"06,07,28,31,36"
1122,2011/04/02,"02,12,19,33,34"
1123,2011/04/04,"05,07,18,22,31"
1124,2011/04/05,"07,10,11,13,39"
1125,2011/04/06,"11,13,17,20,23"
1126,2011/04/07,"04,07,21,22,35"
1127,2011/04/08,"10,13,18,25,33"
1128,2011/04/09,"05,10,26,28,34"
1129,2011/04/11,"03,09,21,31,32"
1130,2011/04/12,"05,12,21,35,37"
1131,2011/04/13,"06,11,26,30,32"
1132,2011/04/14,"05,08,24,35,37"
1133,2011/04/15,"08,11,16,30,37"
1134,2011/04/16,"05,12,28,30,35"
1135,2011/04/18,"04,10,24,28,30"
1136,2011/04/19,"01,15,32,34,38"
1137,2011/04/20,"02,05,12,15,35"
1138,2011/04/21,"02,20,31,36,37"
1139,2011/04/22,"09,11,14,23,26"
1140,2011/04/23,"16,21,29,30,33"
1141,2011/04/25,"06,10,14,23,32"
1142,2011/04/26,"14,15,29,33,38"
1143,2011/04/27,"02,06,19,38,39"
1144,2011/04/28,"01,16,24,32,38"
1145,2011/04/29,"04,27,28,36,38"
1146,2011/04/30,"02,03,06,24,39"
1147,2011/05/02,"02,19,24,33,36"
1148,2011/05/03,"01,05,07,08,37"
1149,2011/05/04,"02,09,11,24,26"
1150,2011/05/05,"02,04,15,19,35"
1151,2011/05/06,"04,09,25,31,32"
1152,2011/05/07,"11,12,16,21,24"
1153,2011/05/09,"02,12,24,33,38"
1154,2011/05/10,"02,22,24,31,36"
1155,2011/05/11,"03,07,16,35,36"
1156,2011/05/12,"01,14,18,30,34"
1157,2011/05/13,"03,06,13,18,23"
1158,2011/05/14,"02,05,12,26,30"
1159,2011/05/16,"18,19,20,31,38"
1160,2011/05/17,"02,03,07,18,27"
1161,2011/05/18,"09,18,22,33,39"
1162,2011/05/19,"05,16,26,27,37"
1163,2011/05/20,"07,21,33,36,37"
1164,2011/05/21,"12,19,25,29,32"
1165,2011/05/23,"14,15,17,33,35"
1166,2011/05/24,"04,25,28,36,39"
1167,2011/05/25,"02,12,16,36,37"
1168,2011/05/26,"20,26,34,35,37"
1169,2011/05/27,"01,12,13,21,25"
1170,2011/05/28,"04,05,09,34,39"
1171,2011/05/30,"01,02,11,34,36"
1172,2011/05/31,"03,08,27,35,39"
1173,2011/06/01,"05,11,15,29,39"
1174,2011/06/02,"12,15,23,24,28"
1175,2011/06/03,"01,15,24,25,30"
1176,2011/06/04,"22,23,24,34,38"
1177,2011/06/06,"09,22,31,32,34"
1178,2011/06/07,"03,05,13,14,17"
1179,2011/06/08,"13,22,23,29,30"
1180,2011/06/09,"23,26,28,29,35"
1181,2011/06/10,"04,16,21,25,36"
1182,2011/06/11,"08,15,17,29,37"
1183,2011/06/13,"01,02,09,23,38"
1184,2011/06/14,"23,25,26,33,36"
1185,2011/06/15,"13,14,15,26,32"
1186,2011/06/16,"14,26,29,37,38"
1187,2011/06/17,"06,16,24,35,38"
1188,2011/06/18,"02,06,15,21,34"
1189,2011/06/20,"09,13,14,19,35"
1190,2011/06/21,"05,07,13,15,31"
1191,2011/06/22,"19,23,25,34,39"
1192,2011/06/23,"04,21,27,36,39"
1193,2011/06/24,"12,23,25,26,33"
1194,2011/06/25,"14,22,24,32,38"
1195,2011/06/27,"04,05,12,15,20"
1196,2011/06/28,"19,22,28,31,39"
1197,2011/06/29,"01,02,05,27,35"
1198,2011/06/30,"02,04,07,14,30"
1199,2011/07/01,"01,02,10,17,28"
1200,2011/07/02,"03,12,31,34,36"
1201,2011/07/04,"01,02,06,17,30"
1202,2011/07/05,"02,05,21,23,36"
1203,2011/07/06,"02,09,26,34,36"
1204,2011/07/07,"03,20,28,35,39"
1205,2011/07/08,"04,08,15,18,38"
1206,2011/07/09,"09,21,22,25,30"
1207,2011/07/11,"01,03,12,14,18"
1208,2011/07/12,"10,14,17,21,31"
1209,2011/07/13,"09,14,21,32,36"
1210,2011/07/14,"08,09,18,24,33"
1211,2011/07/15,"07,13,14,20,33"
1212,2011/07/16,"08,27,29,32,36"
1213,2011/07/18,"02,12,14,29,39"
1214,2011/07/19,"02,14,32,33,39"
1215,2011/07/20,"16,17,26,31,39"
1216,2011/07/21,"14,15,20,27,30"
1217,2011/07/22,"03,05,10,15,37"
1218,2011/07/23,"05,20,26,27,31"
1219,2011/07/25,"05,09,14,18,35"
1220,2011/07/26,"01,17,32,34,36"
1221,2011/07/27,"20,21,23,26,33"
1222,2011/07/28,"04,09,27,30,36"
1223,2011/07/29,"03,04,16,20,27"
1224,2011/07/30,"01,06,10,13,17"
1225,2011/08/01,"01,10,12,19,24"
1226,2011/08/02,"03,13,22,25,39"
1227,2011/08/03,"03,04,13,14,39"
1228,2011/08/04,"09,10,33,37,38"
1229,2011/08/05,"14,18,22,25,33"
1230,2011/08/06,"14,19,23,24,28"
1231,2011/08/08,"13,15,18,37,39"
1232,2011/08/09,"07,14,22,29,35"
1233,2011/08/10,"16,17,20,22,26"
1234,2011/08/11,"09,13,14,19,37"
1235,2011/08/12,"20,29,34,37,39"
1236,2011/08/13,"04,06,10,18,28"
1237,2011/08/15,"16,23,33,36,38"
1238,2011/08/16,"01,10,18,21,22"
1239,2011/08/17,"03,14,15,20,28"
1240,2011/08/18,"07,08,16,19,34"
1241,2011/08/19,"08,11,13,30,38"
1242,2011/08/20,"02,07,21,24,31"
1243,2011/08/22,"09,13,26,27,38"
1244,2011/08/23,"07,14,15,23,30"
1245,2011/08/24,"13,16,22,35,39"
1246,2011/08/25,"02,03,05,22,37"
1247,2011/08/26,"15,22,28,32,36"
1248,2011/08/27,"01,02,12,29,35"
1249,2011/08/29,"04,07,11,21,34"
1250,2011/08/30,"06,08,10,22,36"
1251,2011/08/31,"06,17,25,34,37"
1252,2011/09/01,"12,22,32,37,38"
1253,2011/09/02,"03,04,10,11,18"
1254,2011/09/03,"19,22,33,34,37"
1255,2011/09/05,"02,11,22,28,35"
1256,2011/09/06,"25,30,32,33,34"
1257,2011/09/07,"09,20,23,27,29"
1258,2011/09/08,"02,15,17,21,36"
1259,2011/09/09,"14,18,26,28,36"
1260,2011/09/10,"02,03,17,23,35"
1261,2011/09/12,"12,18,22,24,39"
1262,2011/09/13,"01,04,09,10,16"
1263,2011/09/14,"13,16,19,23,36"
1264,2011/09/15,"05,14,19,30,34"
1265,2011/09/16,"13,18,23,27,38"
1266,2011/09/17,"04,15,27,28,38"
1267,2011/09/19,"05,11,22,28,35"
1268,2011/09/20,"14,16,32,34,37"
1269,2011/09/21,"04,05,07,15,16"
1270,2011/09/22,"01,10,20,29,32"
1271,2011/09/23,"02,07,15,25,34"
1272,2011/09/24,"19,20,23,29,39"
1273,2011/09/26,"04,08,14,29,33"
1274,2011/09/27,"05,07,14,34,35"
1275,2011/09/28,"07,13,16,27,28"
1276,2011/09/29,"06,12,14,15,28"
1277,2011/09/30,"04,14,21,27,37"
1278,2011/10/01,"02,09,13,23,27"
1279,2011/10/03,"15,16,22,31,39"
1280,2011/10/04,"02,12,18,34,38"
1281,2011/10/05,"17,22,23,33,36"
1282,2011/10/06,"11,14,19,37,38"
1283,2011/10/07,"09,12,23,30,33"
1284,2011/10/08,"07,10,19,27,33"
1285,2011/10/10,"02,18,20,33,34"
1286,2011/10/11,"09,15,20,25,29"
1287,2011/10/12,"04,14,33,34,37"
1288,2011/10/13,"06,19,31,35,39"
1289,2011/10/14,"01,17,24,33,34"
1290,2011/10/15,"11,17,22,26,31"
1291,2011/10/17,"11,30,33,38,39"
1292,2011/10/18,"01,13,18,23,26"
1293,2011/10/19,"15,16,21,23,29"
1294,2011/10/20,"14,22,23,34,39"
1295,2011/10/21,"20,21,24,33,37"
1296,2011/10/22,"02,12,24,35,39"
1297,2011/10/24,"05,21,27,31,34"
1298,2011/10/25,"06,11,28,35,39"
1299,2011/10/26,"01,11,13,22,36"
1300,2011/10/27,"02,16,24,32,35"
1301,2011/10/28,"02,11,16,20,27"
1302,2011/10/29,"03,14,16,25,37"
1303,2011/10/31,"03,12,16,27,38"
1304,2011/11/01,"07,08,26,34,37"
1305,2011/11/02,"10,15,16,23,38"
1306,2011/11/03,"08,19,21,36,39"
1307,2011/11/04,"02,21,33,37,38"
1308,2011/11/05,"02,05,07,18,34"
1309,2011/11/07,"07,16,34,37,39"
1310,2011/11/08,"13,16,18,21,27"
1311,2011/11/09,"12,20,23,27,28"
1312,2011/11/10,"01,07,08,27,28"
1313,2011/11/11,"04,11,19,22,33"
1314,2011/11/12,"14,21,24,33,35"
1315,2011/11/14,"03,05,10,14,30"
1316,2011/11/15,"04,08,09,21,38"
1317,2011/11/16,"12,27,28,29,32"
1318,2011/11/17,"05,11,19,20,36"
1319,2011/11/18,"10,26,28,34,37"
1320,2011/11/19,"05,06,08,09,16"
1321,2011/11/21,"03,04,09,23,25"
1322,2011/11/22,"02,04,10,14,21"
1323,2011/11/23,"02,16,18,28,36"
1324,2011/11/24,"07,09,20,26,34"
1325,2011/11/25,"06,09,12,19,30"
1326,2011/11/26,"12,16,18,22,25"
1327,2011/11/28,"05,09,15,27,30"
1328,2011/11/29,"03,07,12,19,37"
1329,2011/11/30,"05,12,21,22,24"
1330,2011/12/01,"06,10,13,15,20"
1331,2011/12/02,"01,12,18,24,37"
1332,2011/12/03,"05,13,14,32,33"
1333,2011/12/05,"06,15,26,31,38"
1334,2011/12/06,"18,19,28,35,38"
1335,2011/12/07,"12,13,15,29,34"
1336,2011/12/08,"04,05,19,23,34"
1337,2011/12/09,"15,24,27,33,35"
1338,2011/12/10,"08,19,31,35,37"
1339,2011/12/12,"05,06,07,16,22"
1340,2011/12/13,"12,13,27,28,32"
1341,2011/12/14,"05,06,18,20,30"
1342,2011/12/15,"05,07,22,26,31"
1343,2011/12/16,"06,13,27,28,29"
1344,2011/12/17,"01,07,17,20,35"
1345,2011/12/19,"07,08,17,28,34"
1346,2011/12/20,"02,05,07,15,17"
1347,2011/12/21,"02,07,17,25,32"
1348,2011/12/22,"03,10,19,23,33"
1349,2011/12/23,"01,10,23,27,32"
1350,2011/12/24,"23,24,29,35,38"
1351,2011/12/26,"07,22,27,30,33"
1352,2011/12/27,"02,04,05,19,36"
1353,2011/12/28,"03,04,20,24,28"
1354,2011/12/29,"03,13,16,21,30"
1355,2011/12/30,"05,15,17,28,38"
1356,2011/12/31,"08,18,19,26,30"
1357,2012/01/02,"16,30,31,32,35"
1358,2012/01/03,"01,14,25,29,36"
1359,2012/01/04,"03,09,16,25,31"
1360,2012/01/05,"10,17,21,34,39"
1361,2012/01/06,"07,08,15,25,29"
1362,2012/01/07,"03,13,16,24,27"
1363,2012/01/09,"02,04,10,14,35"
1364,2012/01/10,"02,05,21,33,39"
1365,2012/01/11,"06,19,29,38,39"
1366,2012/01/12,"02,10,13,26,38"
1367,2012/01/13,"01,04,17,31,35"
1368,2012/01/14,"09,17,32,34,38"
1369,2012/01/16,"03,09,18,28,29"
1370,2012/01/17,"04,17,22,33,37"
1371,2012/01/18,"04,05,22,27,31"
1372,2012/01/19,"04,05,13,19,29"
1373,2012/01/20,"18,23,28,29,30"
1374,2012/01/21,"06,17,18,33,38"
1375,2012/01/23,"02,07,18,28,29"
1376,2012/01/24,"17,20,22,26,37"
1377,2012/01/25,"09,26,30,35,39"
1378,2012/01/26,"08,10,18,26,36"
1379,2012/01/27,"09,16,22,31,37"
1380,2012/01/28,"02,13,20,22,34"
1381,2012/01/30,"08,21,32,33,38"
1382,2012/01/31,"12,23,26,31,34"
1383,2012/02/01,"04,08,12,32,36"
1384,2012/02/02,"07,16,21,29,30"
1385,2012/02/03,"07,08,23,33,39"
1386,2012/02/04,"12,14,28,32,37"
1387,2012/02/06,"01,25,26,30,37"
1388,2012/02/07,"06,10,24,28,36"
1389,2012/02/08,"03,08,26,32,39"
1390,2012/02/09,"07,14,16,17,38"
1391,2012/02/10,"07,08,15,17,37"
1392,2012/02/11,"01,04,09,15,29"
1393,2012/02/13,"02,06,07,20,26"
1394,2012/02/14,"03,04,20,21,22"
1395,2012/02/15,"02,08,12,16,33"
1396,2012/02/16,"06,07,13,15,21"
1397,2012/02/17,"13,17,32,36,39"
1398,2012/02/18,"09,16,21,37,39"
1399,2012/02/20,"07,25,27,28,35"
1400,2012/02/21,"08,10,22,26,27"
1401,2012/02/22,"03,23,25,30,32"
1402,2012/02/23,"05,12,16,33,35"
1403,2012/02/24,"09,24,34,37,38"
1404,2012/02/25,"22,26,31,35,37"
1405,2012/02/27,"02,12,18,26,37"
1406,2012/02/28,"15,20,26,35,38"
1407,2012/02/29,"06,14,29,30,35"
1408,2012/03/01,"05,09,10,13,15"
1409,2012/03/02,"03,10,20,27,38"
1410,2012/03/03,"01,13,23,25,36"
1411,2012/03/05,"08,11,15,27,36"
1412,2012/03/06,"13,18,20,22,23"
1413,2012/03/07,"03,04,15,19,20"
1414,2012/03/08,"03,04,09,21,34"
1415,2012/03/09,"16,22,27,30,36"
1416,2012/03/10,"10,29,32,34,36"
1417,2012/03/12,"04,24,29,32,35"
1418,2012/03/13,"15,16,27,29,38"
1419,2012/03/14,"06,07,08,10,12"
1420,2012/03/15,"15,24,25,29,30"
1421,2012/03/16,"10,20,23,30,36"
1422,2012/03/17,"12,15,18,23,36"
1423,2012/03/19,"05,10,26,29,35"
1424,2012/03/20,"06,10,13,17,25"
1425,2012/03/21,"22,26,27,32,35"
1426,2012/03/22,"09,12,13,19,24"
1427,2012/03/23,"02,03,08,19,30"
1428,2012/03/24,"08,27,31,32,39"
1429,2012/03/26,"12,15,24,32,37"
1430,2012/03/27,"14,15,17,30,32"
1431,2012/03/28,"12,20,22,31,36"
1432,2012/03/29,"01,13,18,23,39"
1433,2012/03/30,"01,02,03,09,38"
1434,2012/03/31,"08,09,15,21,36"
1435,2012/04/02,"03,05,13,27,32"
1436,2012/04/03,"18,19,21,27,30"
1437,2012/04/04,"11,24,28,37,39"
1438,2012/04/05,"01,08,09,15,32"
1439,2012/04/06,"17,21,22,29,36"
1440,2012/04/07,"04,18,24,29,32"
1441,2012/04/09,"02,09,13,15,25"
1442,2012/04/10,"05,17,19,27,33"
1443,2012/04/11,"04,16,19,22,32"
1444,2012/04/12,"04,06,13,36,37"
1445,2012/04/13,"01,15,29,37,38"
1446,2012/04/14,"03,17,27,28,36"
1447,2012/04/16,"03,11,13,19,21"
1448,2012/04/17,"03,09,10,28,33"
1449,2012/04/18,"24,29,30,33,38"
1450,2012/04/19,"04,14,19,25,30"
1451,2012/04/20,"02,11,18,31,33"
1452,2012/04/21,"02,04,05,13,32"
1453,2012/04/23,"03,20,25,34,36"
1454,2012/04/24,"06,11,22,24,30"
1455,2012/04/25,"13,14,21,31,33"
1456,2012/04/26,"01,02,08,11,14"
1457,2012/04/27,"08,15,17,26,32"
1458,2012/04/28,"04,17,21,29,35"
1459,2012/04/30,"04,08,09,13,32"
1460,2012/05/01,"02,04,13,17,29"
1461,2012/05/02,"03,07,22,24,39"
1462,2012/05/03,"05,14,25,28,36"
1463,2012/05/04,"04,08,19,31,38"
1464,2012/05/05,"08,13,20,27,37"
1465,2012/05/07,"17,20,22,24,37"
1466,2012/05/08,"07,16,22,28,31"
1467,2012/05/09,"14,17,23,25,33"
1468,2012/05/10,"03,05,06,17,30"
1469,2012/05/11,"06,18,20,25,38"
1470,2012/05/12,"04,16,21,34,38"
1471,2012/05/14,"15,21,24,32,34"
1472,2012/05/15,"08,14,27,29,34"
1473,2012/05/16,"03,08,16,20,35"
1474,2012/05/17,"13,14,21,38,39"
1475,2012/05/18,"04,11,12,34,38"
1476,2012/05/19,"12,14,18,28,31"
1477,2012/05/21,"06,13,19,22,23"
1478,2012/05/22,"07,09,18,19,37"
1479,2012/05/23,"06,07,10,37,39"
1480,2012/05/24,"09,23,24,36,39"
1481,2012/05/25,"06,10,16,25,32"
1482,2012/05/26,"14,20,25,29,38"
1483,2012/05/28,"01,04,05,10,32"
1484,2012/05/29,"05,07,14,25,33"
1485,2012/05/30,"05,07,10,20,39"
1486,2012/05/31,"14,18,23,31,39"
1487,2012/06/01,"01,11,28,36,38"
1488,2012/06/02,"01,06,14,16,18"
1489,2012/06/04,"09,13,17,19,34"
1490,2012/06/05,"13,18,21,23,35"
1491,2012/06/06,"01,11,13,25,29"
1492,2012/06/07,"03,33,34,37,39"
1493,2012/06/08,"02,03,10,21,27"
1494,2012/06/09,"02,15,19,23,24"
1495,2012/06/11,"08,30,34,37,38"
1496,2012/06/12,"05,13,24,31,35"
1497,2012/06/13,"01,05,09,17,25"
1498,2012/06/14,"04,17,28,31,33"
1499,2012/06/15,"03,04,10,31,38"
1500,2012/06/16,"07,09,23,32,38"
1501,2012/06/18,"09,12,14,18,26"
1502,2012/06/19,"05,08,27,29,30"
1503,2012/06/20,"05,07,16,23,37"
1504,2012/06/21,"05,06,10,36,38"
1505,2012/06/22,"04,08,11,12,16"
1506,2012/06/23,"01,07,16,25,32"
1507,2012/06/25,"04,21,28,33,37"
1508,2012/06/26,"09,10,27,35,39"
1509,2012/06/27,"01,02,06,21,37"
1510,2012/06/28,"04,10,25,26,27"
1511,2012/06/29,"03,16,20,25,37"
1512,2012/06/30,"03,05,07,27,38"
1513,2012/07/02,"02,06,10,13,27"
1514,2012/07/03,"08,09,16,26,30"
1515,2012/07/04,"05,19,24,28,35"
1516,2012/07/05,"04,21,26,36,39"
1517,2012/07/06,"05,24,25,29,36"
1518,2012/07/07,"01,17,30,34,35"
1519,2012/07/09,"03,04,13,15,26"
1520,2012/07/10,"08,10,12,17,34"
1521,2012/07/11,"06,15,18,34,37"
1522,2012/07/12,"03,05,12,21,33"
1523,2012/07/13,"13,15,17,19,21"
1524,2012/07/14,"05,11,23,32,38"
1525,2012/07/16,"07,31,33,36,37"
1526,2012/07/17,"01,11,13,22,37"
1527,2012/07/18,"04,08,26,28,35"
1528,2012/07/19,"06,09,14,18,35"
1529,2012/07/20,"11,22,27,29,31"
1530,2012/07/21,"05,10,12,30,33"
1531,2012/07/23,"01,06,16,22,38"
1532,2012/07/24,"05,07,11,13,29"
1533,2012/07/25,"22,24,27,34,37"
1534,2012/07/26,"07,09,14,19,23"
1535,2012/07/27,"09,14,24,36,37"
1536,2012/07/28,"15,30,31,32,38"
1537,2012/07/30,"04,17,23,25,37"
1538,2012/07/31,"01,13,16,36,37"
1539,2012/08/01,"08,10,29,33,36"
1540,2012/08/02,"01,19,34,35,37"
1541,2012/08/03,"02,18,21,22,28"
1542,2012/08/04,"01,05,10,13,22"
1543,2012/08/06,"07,18,29,30,33"
1544,2012/08/07,"05,09,11,29,32"
1545,2012/08/08,"11,12,18,33,39"
1546,2012/08/09,"02,14,32,34,38"
1547,2012/08/10,"01,05,18,23,28"
1548,2012/08/11,"15,25,27,28,34"
1549,2012/08/13,"04,17,28,32,39"
1550,2012/08/14,"15,18,19,29,37"
1551,2012/08/15,"04,07,15,19,25"
1552,2012/08/16,"04,18,21,24,32"
1553,2012/08/17,"19,20,24,33,38"
1554,2012/08/18,"04,17,19,20,26"
1555,2012/08/20,"15,26,32,37,39"
1556,2012/08/21,"05,18,22,24,29"
1557,2012/08/22,"01,07,12,25,26"
1558,2012/08/23,"06,19,21,34,36"
1559,2012/08/24,"13,19,23,31,39"
1560,2012/08/25,"11,20,21,29,32"
1561,2012/08/27,"02,06,14,15,17"
1562,2012/08/28,"11,14,18,22,29"
1563,2012/08/29,"02,08,16,37,39"
1564,2012/08/30,"14,18,32,37,38"
1565,2012/08/31,"11,23,29,34,37"
1566,2012/09/01,"16,17,30,32,33"
1567,2012/09/03,"02,23,27,31,39"
1568,2012/09/04,"05,18,21,24,25"
1569,2012/09/05,"05,07,12,18,31"
1570,2012/09/06,"02,03,21,36,37"
1571,2012/09/07,"02,03,04,06,25"
1572,2012/09/08,"07,10,21,25,33"
1573,2012/09/10,"07,17,26,33,37"
1574,2012/09/11,"15,17,29,31,37"
1575,2012/09/12,"01,07,11,19,25"
1576,2012/09/13,"04,07,20,23,35"
1577,2012/09/14,"01,13,16,30,39"
1578,2012/09/15,"04,16,21,31,37"
1579,2012/09/17,"08,22,28,35,39"
1580,2012/09/18,"01,04,06,12,26"
1581,2012/09/19,"02,04,09,10,32"
1582,2012/09/20,"08,13,18,30,35"
1583,2012/09/21,"13,15,23,25,36"
1584,2012/09/22,"01,16,22,24,28"
1585,2012/09/24,"01,14,15,30,37"
1586,2012/09/25,"14,16,19,22,29"
1587,2012/09/26,"02,19,23,32,36"
1588,2012/09/27,"05,21,26,31,32"
1589,2012/09/28,"21,25,33,35,37"
1590,2012/09/29,"07,18,20,29,32"
1591,2012/10/01,"17,27,32,33,38"
1592,2012/10/02,"02,03,14,28,32"
1593,2012/10/03,"02,03,12,14,24"
1594,2012/10/04,"08,16,24,30,32"
1595,2012/10/05,"05,08,13,27,34"
1596,2012/10/06,"17,19,20,23,37"
1597,2012/10/08,"06,11,13,23,34"
1598,2012/10/09,"10,11,23,26,37"
1599,2012/10/10,"13,17,19,27,36"
1600,2012/10/11,"17,27,32,36,38"
1601,2012/10/12,"12,19,23,25,31"
1602,2012/10/13,"01,05,14,17,22"
1603,2012/10/15,"04,14,15,19,23"
1604,2012/10/16,"02,15,20,32,39"
1605,2012/10/17,"09,14,20,22,35"
1606,2012/10/18,"02,17,28,31,36"
1607,2012/10/19,"02,08,25,27,32"
1608,2012/10/20,"16,21,23,35,36"
1609,2012/10/22,"17,25,26,27,35"
1610,2012/10/23,"07,09,15,21,30"
1611,2012/10/24,"05,12,18,27,32"
1612,2012/10/25,"01,03,10,14,38"
1613,2012/10/26,"01,06,14,15,34"
1614,2012/10/27,"14,18,19,23,32"
1615,2012/10/29,"10,15,18,20,22"
1616,2012/10/30,"13,20,30,32,35"
1617,2012/10/31,"11,26,28,34,35"
1618,2012/11/01,"16,22,30,32,34"
1619,2012/11/02,"04,15,17,30,31"
1620,2012/11/03,"04,06,11,16,22"
1621,2012/11/05,"05,07,23,29,39"
1622,2012/11/06,"07,16,24,28,35"
1623,2012/11/07,"04,05,14,28,32"
1624,2012/11/08,"01,04,05,22,32"
1625,2012/11/09,"07,08,17,31,33"
1626,2012/11/10,"02,06,17,28,33"
1627,2012/11/12,"01,13,17,26,38"
1628,2012/11/13,"01,10,22,25,29"
1629,2012/11/14,"03,14,15,23,36"
1630,2012/11/15,"09,31,34,35,37"
1631,2012/11/16,"04,12,21,22,31"
1632,2012/11/17,"04,09,15,27,36"
1633,2012/11/19,"01,03,06,22,30"
1634,2012/11/20,"06,11,18,24,36"
1635,2012/11/21,"12,17,25,32,39"
1636,2012/11/22,"01,07,08,22,39"
1637,2012/11/23,"12,16,22,28,31"
1638,2012/11/24,"03,09,11,13,26"
1639,2012/11/26,"05,08,17,26,35"
1640,2012/11/27,"12,18,22,26,27"
1641,2012/11/28,"08,09,26,36,38"
1642,2012/11/29,"06,16,30,31,38"
1643,2012/11/30,"06,11,27,28,37"
1644,2012/12/01,"02,13,22,33,38"
1645,2012/12/03,"03,26,27,34,37"
1646,2012/12/04,"05,16,19,23,39"
1647,2012/12/05,"01,02,05,12,19"
1648,2012/12/06,"12,17,26,33,37"
1649,2012/12/07,"08,13,18,30,31"
1650,2012/12/08,"06,13,18,31,35"
1651,2012/12/10,"20,26,34,35,37"
1652,2012/12/11,"02,13,14,23,29"
1653,2012/12/12,"02,16,18,24,34"
1654,2012/12/13,"02,13,19,24,32"
1655,2012/12/14,"01,10,15,35,36"
1656,2012/12/15,"11,22,24,27,31"
1657,2012/12/17,"03,04,25,31,36"
1658,2012/12/18,"01,02,08,28,35"
1659,2012/12/19,"13,18,22,29,37"
1660,2012/12/20,"04,12,17,27,38"
1661,2012/12/21,"08,18,32,34,37"
1662,2012/12/22,"03,05,12,29,31"
1663,2012/12/24,"09,15,20,31,35"
1664,2012/12/25,"13,19,20,30,32"
1665,2012/12/26,"08,22,24,27,31"
1666,2012/12/27,"03,17,24,25,30"
1667,2012/12/28,"17,26,28,30,38"
1668,2012/12/29,"08,18,20,28,36"
1669,2012/12/31,"02,05,15,16,31"
1670,2013/01/01,"01,16,22,26,33"
1671,2013/01/02,"01,05,16,29,35"
1672,2013/01/03,"06,13,20,27,29"
1673,2013/01/04,"14,16,17,25,33"
1674,2013/01/05,"02,07,21,26,34"
1675,2013/01/07,"11,21,31,36,39"
1676,2013/01/08,"01,03,20,22,31"
1677,2013/01/09,"17,18,22,31,33"
1678,2013/01/10,"03,06,21,27,35"
1679,2013/01/11,"18,24,31,35,39"
1680,2013/01/12,"02,10,16,25,32"
1681,2013/01/14,"04,05,06,10,39"
1682,2013/01/15,"05,12,13,16,24"
1683,2013/01/16,"01,06,16,17,29"
1684,2013/01/17,"10,13,21,33,38"
1685,2013/01/18,"03,19,29,34,37"
1686,2013/01/19,"03,19,26,33,38"
1687,2013/01/21,"08,14,17,21,29"
1688,2013/01/22,"17,20,25,32,39"
1689,2013/01/23,"05,10,18,24,34"
1690,2013/01/24,"11,18,27,35,39"
1691,2013/01/25,"15,16,25,32,37"
1692,2013/01/26,"04,16,25,30,31"
1693,2013/01/28,"04,06,09,22,33"
1694,2013/01/29,"06,13,26,28,34"
1695,2013/01/30,"06,09,28,38,39"
1696,2013/01/31,"02,06,10,22,26"
1697,2013/02/01,"10,14,23,31,39"
1698,2013/02/02,"05,06,11,20,27"
1699,2013/02/04,"02,30,33,34,37"
1700,2013/02/05,"17,21,33,36,38"
1701,2013/02/06,"13,14,19,21,34"
1702,2013/02/07,"09,10,21,31,34"
1703,2013/02/08,"07,08,09,12,36"
1704,2013/02/09,"01,17,20,25,37"
1705,2013/02/11,"08,09,34,38,39"
1706,2013/02/12,"04,06,11,22,35"
1707,2013/02/13,"01,11,27,28,33"
1708,2013/02/14,"12,16,19,28,35"
1709,2013/02/15,"10,18,19,34,36"
1710,2013/02/16,"04,15,25,34,39"
1711,2013/02/18,"07,11,15,20,25"
1712,2013/02/19,"04,19,20,26,39"
1713,2013/02/20,"03,04,10,20,24"
1714,2013/02/21,"06,15,16,30,39"
1715,2013/02/22,"02,23,24,27,38"
1716,2013/02/23,"04,21,26,30,37"
1717,2013/02/25,"04,05,07,08,27"
1718,2013/02/26,"18,26,29,36,38"
1719,2013/02/27,"01,08,16,30,37"
1720,2013/02/28,"11,17,27,29,35"
1721,2013/03/01,"01,03,09,17,19"
1722,2013/03/02,"04,08,09,15,30"
1723,2013/03/04,"15,18,23,29,32"
1724,2013/03/05,"10,24,35,37,39"
1725,2013/03/06,"04,19,26,36,39"
1726,2013/03/07,"02,05,07,29,32"
1727,2013/03/08,"14,15,26,28,39"
1728,2013/03/09,"07,14,22,34,38"
1729,2013/03/11,"02,06,21,27,33"
1730,2013/03/12,"03,14,20,31,33"
1731,2013/03/13,"01,05,32,34,39"
1732,2013/03/14,"09,14,17,35,36"
1733,2013/03/15,"06,09,15,28,39"
1734,2013/03/16,"19,21,24,35,37"
1735,2013/03/18,"02,03,23,30,36"
1736,2013/03/19,"03,08,18,19,29"
1737,2013/03/20,"02,09,21,23,37"
1738,2013/03/21,"08,13,22,28,34"
1739,2013/03/22,"05,13,21,31,32"
1740,2013/03/23,"06,09,15,38,39"
1741,2013/03/25,"10,11,17,19,38"
1742,2013/03/26,"02,14,21,26,36"
1743,2013/03/27,"12,19,26,27,31"
1744,2013/03/28,"10,12,28,34,35"
1745,2013/03/29,"11,21,30,32,39"
1746,2013/03/30,"06,08,10,14,39"
1747,2013/04/01,"02,03,12,25,31"
1748,2013/04/02,"06,08,25,26,27"
1749,2013/04/03,"11,14,16,21,33"
1750,2013/04/04,"02,03,14,19,22"
1751,2013/04/05,"01,03,27,31,32"
1752,2013/04/06,"11,14,16,30,37"
1753,2013/04/08,"02,14,17,27,31"
1754,2013/04/09,"06,18,30,35,36"
1755,2013/04/10,"02,05,15,18,20"
1756,2013/04/11,"12,15,16,20,31"
1757,2013/04/12,"01,09,11,18,34"
1758,2013/04/13,"02,10,16,27,31"
1759,2013/04/15,"01,12,17,25,28"
1760,2013/04/16,"09,11,31,36,37"
1761,2013/04/17,"03,04,18,25,37"
1762,2013/04/18,"14,17,20,32,39"
1763,2013/04/19,"07,10,21,28,37"
1764,2013/04/20,"03,05,06,13,31"
1765,2013/04/22,"01,03,10,21,34"
1766,2013/04/23,"24,31,35,37,38"
1767,2013/04/24,"09,23,28,31,37"
1768,2013/04/25,"04,09,19,25,34"
1769,2013/04/26,"04,11,20,28,35"
1770,2013/04/27,"08,14,26,36,38"
1771,2013/04/29,"06,08,18,25,37"
1772,2013/04/30,"02,03,04,15,16"
1773,2013/05/01,"03,15,16,34,37"
1774,2013/05/02,"06,10,12,18,34"
1775,2013/05/03,"11,13,16,21,34"
1776,2013/05/04,"06,14,22,25,33"
1777,2013/05/06,"05,25,31,36,37"
1778,2013/05/07,"06,20,22,33,38"
1779,2013/05/08,"02,22,24,37,39"
1780,2013/05/09,"02,26,33,34,39"
1781,2013/05/10,"02,08,16,22,35"
1782,2013/05/11,"03,06,10,22,28"
1783,2013/05/13,"02,04,10,19,27"
1784,2013/05/14,"14,17,24,27,30"
1785,2013/05/15,"06,22,26,34,37"
1786,2013/05/16,"06,17,24,29,36"
1787,2013/05/17,"08,18,20,30,36"
1788,2013/05/18,"01,09,16,18,29"
1789,2013/05/20,"05,06,10,22,24"
1790,2013/05/21,"08,18,19,29,34"
1791,2013/05/22,"07,11,22,30,36"
1792,2013/05/23,"05,14,21,32,35"
1793,2013/05/24,"02,11,12,22,31"
1794,2013/05/25,"06,07,15,20,38"
1795,2013/05/27,"12,14,22,25,34"
1796,2013/05/28,"23,34,35,36,37"
1797,2013/05/29,"19,21,22,32,39"
1798,2013/05/30,"07,19,21,30,39"
1799,2013/05/31,"09,27,30,31,32"
1800,2013/06/01,"04,14,22,32,38"
1801,2013/06/03,"01,06,11,30,37"
1802,2013/06/04,"03,10,18,34,39"
1803,2013/06/05,"02,15,22,33,36"
1804,2013/06/06,"07,09,21,31,33"
1805,2013/06/07,"08,10,11,20,21"
1806,2013/06/08,"04,08,12,20,21"
1807,2013/06/10,"01,02,10,35,36"
1808,2013/06/11,"06,10,21,25,30"
1809,2013/06/12,"01,06,34,37,39"
1810,2013/06/13,"13,20,22,36,37"
1811,2013/06/14,"13,24,33,34,39"
1812,2013/06/15,"13,14,20,24,33"
1813,2013/06/17,"06,09,12,24,38"
1814,2013/06/18,"03,07,10,36,39"
1815,2013/06/19,"03,06,21,23,39"
1816,2013/06/20,"06,20,23,24,28"
1817,2013/06/21,"01,12,15,19,32"
1818,2013/06/22,"10,18,20,36,37"
1819,2013/06/24,"02,09,13,20,39"
1820,2013/06/25,"07,14,18,26,32"
1821,2013/06/26,"02,08,14,31,35"
1822,2013/06/27,"01,19,20,25,36"
1823,2013/06/28,"03,09,12,19,23"
1824,2013/06/29,"06,15,26,34,36"
1825,2013/07/01,"11,17,25,33,37"
1826,2013/07/02,"13,20,22,26,34"
1827,2013/07/03,"02,03,04,10,12"
1828,2013/07/04,"01,14,19,24,31"
1829,2013/07/05,"09,10,20,25,26"
1830,2013/07/06,"01,06,20,33,34"
1831,2013/07/08,"01,22,24,32,37"
1832,2013/07/09,"14,21,22,31,34"
1833,2013/07/10,"17,24,25,35,36"
1834,2013/07/11,"04,07,16,17,20"
1835,2013/07/12,"22,27,30,35,37"
1836,2013/07/13,"01,04,06,23,30"
1837,2013/07/15,"10,14,16,22,36"
1838,2013/07/16,"02,04,06,15,39"
1839,2013/07/17,"01,02,15,31,39"
1840,2013/07/18,"03,07,11,21,33"
1841,2013/07/19,"10,14,18,25,36"
1842,2013/07/20,"21,26,30,33,39"
1843,2013/07/22,"03,15,22,35,39"
1844,2013/07/23,"05,15,21,22,34"
1845,2013/07/24,"01,04,23,26,34"
1846,2013/07/25,"01,06,17,21,33"
1847,2013/07/26,"04,05,08,18,39"
1848,2013/07/27,"11,14,23,30,39"
1849,2013/07/29,"14,19,27,33,37"
1850,2013/07/30,"09,14,19,27,31"
1851,2013/07/31,"07,09,24,27,28"
1852,2013/08/01,"09,21,27,31,32"
1853,2013/08/02,"17,22,23,33,37"
1854,2013/08/03,"06,21,26,36,39"
1855,2013/08/05,"09,15,26,27,34"
1856,2013/08/06,"12,18,19,24,36"
1857,2013/08/07,"07,16,27,30,39"
1858,2013/08/08,"01,03,12,16,25"
1859,2013/08/09,"01,05,08,28,34"
1860,2013/08/10,"02,09,11,19,35"
1861,2013/08/12,"22,25,30,31,36"
1862,2013/08/13,"04,10,17,18,25"
1863,2013/08/14,"01,04,07,08,23"
1864,2013/08/15,"01,02,08,28,36"
1865,2013/08/16,"01,06,13,22,29"
1866,2013/08/17,"02,21,29,34,38"
1867,2013/08/19,"11,21,25,31,33"
1868,2013/08/20,"19,25,28,30,31"
1869,2013/08/21,"11,15,26,31,34"
1870,2013/08/22,"06,10,11,13,28"
1871,2013/08/23,"03,14,25,37,39"
1872,2013/08/24,"01,19,26,27,39"
1873,2013/08/26,"19,22,24,29,36"
1874,2013/08/27,"11,15,26,34,39"
1875,2013/08/28,"01,02,05,24,27"
1876,2013/08/29,"02,05,08,25,34"
1877,2013/08/30,"07,18,20,21,37"
1878,2013/08/31,"05,14,17,20,36"
1879,2013/09/02,"15,20,21,30,31"
1880,2013/09/03,"02,04,08,20,34"
1881,2013/09/04,"12,21,31,34,37"
1882,2013/09/05,"04,07,13,25,37"
1883,2013/09/06,"06,09,17,24,34"
1884,2013/09/07,"08,14,19,25,39"
1885,2013/09/09,"03,06,23,29,38"
1886,2013/09/10,"02,16,21,22,29"
1887,2013/09/11,"09,16,17,34,35"
1888,2013/09/12,"12,15,18,23,27"
1889,2013/09/13,"02,08,24,26,39"
1890,2013/09/14,"09,14,16,27,37"
1891,2013/09/16,"03,13,19,30,34"
1892,2013/09/17,"02,03,15,22,25"
1893,2013/09/18,"14,15,17,29,38"
1894,2013/09/19,"07,16,20,31,36"
1895,2013/09/20,"01,15,23,32,39"
1896,2013/09/21,"11,15,22,23,39"
1897,2013/09/23,"01,21,22,35,38"
1898,2013/09/24,"01,03,05,21,28"
1899,2013/09/25,"08,09,10,18,39"
1900,2013/09/26,"09,17,29,37,39"
1901,2013/09/27,"02,03,27,28,36"
1902,2013/09/28,"05,13,14,23,26"
1903,2013/09/30,"09,16,17,24,31"
1904,2013/10/01,"05,06,20,29,38"
1905,2013/10/02,"03,05,20,23,36"
1906,2013/10/03,"05,08,13,20,22"
1907,2013/10/04,"02,14,20,25,35"
1908,2013/10/05,"07,16,25,37,38"
1909,2013/10/07,"03,18,24,30,39"
1910,2013/10/08,"07,15,22,26,28"
1911,2013/10/09,"19,22,24,32,35"
1912,2013/10/10,"16,19,20,25,36"
1913,2013/10/11,"03,18,21,38,39"
1914,2013/10/12,"07,13,23,26,28"
1915,2013/10/14,"07,16,30,32,35"
1916,2013/10/15,"04,08,12,31,32"
1917,2013/10/16,"01,07,20,26,38"
1918,2013/10/17,"05,07,14,16,37"
1919,2013/10/18,"06,14,28,29,38"
1920,2013/10/19,"01,20,23,25,38"
1921,2013/10/21,"04,14,29,37,39"
1922,2013/10/22,"04,20,29,30,38"
1923,2013/10/23,"09,16,25,35,36"
1924,2013/10/24,"14,20,31,33,36"
1925,2013/10/25,"04,14,22,33,35"
1926,2013/10/26,"09,11,16,27,33"
1927,2013/10/28,"09,15,17,19,33"
1928,2013/10/29,"09,15,24,28,29"
1929,2013/10/30,"09,32,34,38,39"
1930,2013/10/31,"04,18,26,29,36"
1931,2013/11/01,"09,13,23,24,30"
1932,2013/11/02,"12,21,26,29,32"
1933,2013/11/04,"04,17,22,26,31"
1934,2013/11/05,"05,07,16,35,37"
1935,2013/11/06,"03,14,18,22,33"
1936,2013/11/07,"10,13,19,34,38"
1937,2013/11/08,"14,15,21,34,39"
1938,2013/11/09,"22,24,27,36,39"
1939,2013/11/11,"01,05,19,21,29"
1940,2013/11/12,"03,13,19,29,31"
1941,2013/11/13,"17,29,32,33,38"
1942,2013/11/14,"06,13,15,18,20"
1943,2013/11/15,"03,08,13,33,37"
1944,2013/11/16,"02,07,11,17,27"
1945,2013/11/18,"01,03,06,08,15"
1946,2013/11/19,"15,22,31,38,39"
1947,2013/11/20,"13,17,21,33,35"
1948,2013/11/21,"07,11,20,35,38"
1949,2013/11/22,"04,05,16,30,39"
1950,2013/11/23,"17,23,32,35,37"
1951,2013/11/25,"06,18,20,23,33"
1952,2013/11/26,"09,22,31,32,34"
1953,2013/11/27,"04,15,27,37,39"
1954,2013/11/28,"01,08,10,19,37"
1955,2013/11/29,"16,21,22,30,39"
1956,2013/11/30,"14,16,18,21,26"
1957,2013/12/02,"08,30,34,35,36"
1958,2013/12/03,"05,06,18,19,29"
1959,2013/12/04,"18,26,32,33,37"
1960,2013/12/05,"04,09,21,24,34"
1961,2013/12/06,"04,20,29,31,32"
1962,2013/12/07,"18,19,22,24,28"
1963,2013/12/09,"05,11,15,24,33"
1964,2013/12/10,"04,12,26,29,30"
1965,2013/12/11,"04,06,18,25,38"
1966,2013/12/12,"03,16,20,21,30"
1967,2013/12/13,"15,18,19,29,32"
1968,2013/12/14,"20,31,32,33,39"
1969,2013/12/16,"17,32,33,35,38"
1970,2013/12/17,"06,14,20,26,35"
1971,2013/12/18,"02,04,15,27,34"
1972,2013/12/19,"15,18,20,32,39"
1973,2013/12/20,"07,13,22,28,32"
1974,2013/12/21,"03,05,19,29,37"
1975,2013/12/23,"18,20,27,31,35"
1976,2013/12/24,"08,12,15,16,27"
1977,2013/12/25,"03,04,17,33,39"
1978,2013/12/26,"12,20,26,27,31"
1979,2013/12/27,"09,11,16,17,35"
1980,2013/12/28,"05,08,13,20,26"
1981,2013/12/30,"01,05,12,16,33"
1982,2013/12/31,"16,19,30,36,38"
1983,2014/01/01,"05,13,24,26,34"
1984,2014/01/02,"08,14,19,27,30"
1985,2014/01/03,"10,27,28,32,37"
1986,2014/01/04,"05,14,19,25,39"
1987,2014/01/06,"13,16,17,31,38"
1988,2014/01/07,"05,06,10,19,23"
1989,2014/01/08,"04,06,17,28,33"
1990,2014/01/09,"06,15,17,27,33"
1991,2014/01/10,"08,13,16,26,39"
1992,2014/01/11,"06,08,10,19,32"
1993,2014/01/13,"10,11,13,35,38"
1994,2014/01/14,"09,16,17,21,34"
1995,2014/01/15,"03,18,30,31,36"
1996,2014/01/16,"05,08,09,14,23"
1997,2014/01/17,"22,24,31,32,37"
1998,2014/01/18,"02,07,15,21,38"
1999,2014/01/20,"14,21,31,34,38"
2000,2014/01/21,"04,07,11,21,27"
2001,2014/01/22,"19,24,25,29,31"
2002,2014/01/23,"05,08,16,21,30"
2003,2014/01/24,"03,21,34,37,38"
2004,2014/01/25,"02,20,30,31,38"
2005,2014/01/27,"26,27,28,30,38"
2006,2014/01/28,"02,05,10,15,19"
2007,2014/01/29,"17,19,25,37,38"
2008,2014/01/30,"17,21,23,24,34"
2009,2014/01/31,"08,19,23,24,35"
2010,2014/02/01,"21,28,29,31,37"
2011,2014/02/03,"03,08,16,22,33"
2012,2014/02/04,"11,18,21,33,37"
2013,2014/02/05,"28,29,36,38,39"
2014,2014/02/06,"02,07,20,30,36"
2015,2014/02/07,"05,13,19,32,38"
2016,2014/02/08,"02,10,21,22,33"
2017,2014/02/10,"06,09,11,14,28"
2018,2014/02/11,"11,13,20,21,28"
2019,2014/02/12,"11,13,15,16,29"
2020,2014/02/13,"04,05,06,32,33"
2021,2014/02/14,"03,08,11,21,37"
2022,2014/02/15,"04,07,14,21,22"
2023,2014/02/17,"01,06,10,16,34"
2024,2014/02/18,"13,16,30,32,38"
2025,2014/02/19,"02,05,08,17,34"
2026,2014/02/20,"04,05,15,16,19"
2027,2014/02/21,"06,07,08,10,37"
2028,2014/02/22,"13,17,27,37,38"
2029,2014/02/24,"12,13,27,33,39"
2030,2014/02/25,"03,04,07,12,22"
2031,2014/02/26,"06,17,21,35,38"
2032,2014/02/27,"03,30,31,37,38"
2033,2014/02/28,"03,20,23,24,26"
2034,2014/03/01,"05,12,16,30,36"
2035,2014/03/03,"19,25,26,30,38"
2036,2014/03/04,"01,02,07,17,25"
2037,2014/03/05,"01,04,12,13,36"
2038,2014/03/06,"15,16,22,31,35"
2039,2014/03/07,"05,16,22,23,38"
2040,2014/03/08,"09,17,18,22,23"
2041,2014/03/10,"02,13,22,34,35"
2042,2014/03/11,"13,23,25,31,38"
2043,2014/03/12,"14,19,29,31,38"
2044,2014/03/13,"06,17,24,27,33"
2045,2014/03/14,"01,14,15,36,38"
2046,2014/03/15,"06,07,23,25,31"
2047,2014/03/17,"01,04,10,23,39"
2048,2014/03/18,"12,14,16,18,35"
2049,2014/03/19,"02,07,11,12,37"
2050,2014/03/20,"01,07,17,24,34"
2051,2014/03/21,"03,08,09,14,39"
2052,2014/03/22,"08,21,23,26,38"
2053,2014/03/24,"05,17,27,36,39"
2054,2014/03/25,"02,06,11,35,38"
2055,2014/03/26,"02,17,24,34,37"
2056,2014/03/27,"01,02,07,08,14"
2057,2014/03/28,"01,02,09,11,39"
2058,2014/03/29,"11,24,26,29,35"
2059,2014/03/31,"02,22,23,34,35"
2060,2014/04/01,"01,10,14,17,34"
2061,2014/04/02,"04,07,11,20,38"
2062,2014/04/03,"01,03,12,28,31"
2063,2014/04/04,"06,09,20,24,34"
2064,2014/04/05,"04,12,21,25,30"
2065,2014/04/07,"05,09,11,31,39"
2066,2014/04/08,"16,19,20,34,35"
2067,2014/04/09,"07,09,12,16,31"
2068,2014/04/10,"07,17,20,24,31"
2069,2014/04/11,"08,11,13,16,21"
2070,2014/04/12,"14,18,25,34,38"
2071,2014/04/14,"05,06,15,24,37"
2072,2014/04/15,"06,09,14,15,36"
2073,2014/04/16,"01,03,12,29,33"
2074,2014/04/17,"04,14,18,28,29"
2075,2014/04/18,"19,27,29,37,38"
2076,2014/04/19,"04,13,35,36,37"
2077,2014/04/21,"19,20,27,29,33"
2078,2014/04/22,"04,09,25,30,39"
2079,2014/04/23,"07,14,16,26,33"
2080,2014/04/24,"04,07,16,17,35"
2081,2014/04/25,"05,07,33,38,39"
2082,2014/04/26,"08,15,23,24,33"
2083,2014/04/28,"03,17,19,22,38"
2084,2014/04/29,"03,08,21,25,33"
2085,2014/04/30,"05,06,23,26,29"
2086,2014/05/01,"10,17,22,34,39"
2087,2014/05/02,"01,08,11,14,38"
2088,2014/05/03,"03,13,14,23,37"
2089,2014/05/05,"04,08,13,21,37"
2090,2014/05/06,"05,06,23,24,39"
2091,2014/05/07,"12,19,21,36,39"
2092,2014/05/08,"01,09,27,28,36"
2093,2014/05/09,"05,25,34,36,39"
2094,2014/05/10,"01,08,17,36,37"
2095,2014/05/12,"06,09,11,14,24"
2096,2014/05/13,"05,06,12,16,31"
2097,2014/05/14,"03,14,18,28,38"
2098,2014/05/15,"06,13,21,34,35"
2099,2014/05/16,"07,09,28,31,33"
2100,2014/05/17,"03,13,17,25,37"
2101,2014/05/19,"07,08,18,19,27"
2102,2014/05/20,"12,19,30,32,35"
2103,2014/05/21,"05,07,11,20,29"
2104,2014/05/22,"10,13,29,31,32"
2105,2014/05/23,"05,16,18,20,21"
2106,2014/05/24,"02,16,27,37,38"
2107,2014/05/26,"02,05,12,19,38"
2108,2014/05/27,"13,27,31,35,39"
2109,2014/05/28,"02,08,12,20,27"
2110,2014/05/29,"07,22,23,25,28"
2111,2014/05/30,"01,07,15,18,31"
2112,2014/05/31,"09,12,16,26,31"
2113,2014/06/02,"11,13,26,34,36"
2114,2014/06/03,"01,03,26,38,39"
2115,2014/06/04,"04,10,13,29,32"
2116,2014/06/05,"12,18,24,28,38"
2117,2014/06/06,"05,07,18,30,34"
2118,2014/06/07,"04,18,26,27,30"
2119,2014/06/09,"01,07,16,17,32"
2120,2014/06/10,"14,15,16,29,31"
2121,2014/06/11,"01,11,13,17,31"
2122,2014/06/12,"04,12,14,34,35"
2123,2014/06/13,"12,19,35,37,38"
2124,2014/06/14,"11,20,23,37,38"
2125,2014/06/16,"02,14,16,36,39"
2126,2014/06/17,"05,12,13,22,36"
2127,2014/06/18,"04,12,17,23,25"
2128,2014/06/19,"01,19,30,34,39"
2129,2014/06/20,"04,10,16,24,25"
2130,2014/06/21,"02,04,18,20,29"
2131,2014/06/23,"05,12,19,34,36"
2132,2014/06/24,"02,15,27,28,38"
2133,2014/06/25,"04,13,14,30,31"
2134,2014/06/26,"02,10,11,12,30"
2135,2014/06/27,"25,32,35,36,39"
2136,2014/06/28,"02,06,10,20,30"
2137,2014/06/30,"06,13,30,34,39"
2138,2014/07/01,"13,23,28,29,31"
2139,2014/07/02,"08,10,26,34,37"
2140,2014/07/03,"02,16,19,23,28"
2141,2014/07/04,"04,09,22,32,35"
2142,2014/07/05,"09,13,17,18,33"
2143,2014/07/07,"02,13,15,29,35"
2144,2014/07/08,"09,11,13,19,30"
2145,2014/07/09,"01,15,16,17,35"
2146,2014/07/10,"03,13,20,27,32"
2147,2014/07/11,"03,23,25,34,37"
2148,2014/07/12,"05,21,32,33,35"
2149,2014/07/14,"05,10,15,17,26"
2150,2014/07/15,"14,19,25,27,28"
2151,2014/07/16,"14,18,21,26,32"
2152,2014/07/17,"03,09,11,14,34"
2153,2014/07/18,"05,09,25,34,36"
2154,2014/07/19,"03,15,18,27,35"
2155,2014/07/21,"01,07,13,19,37"
2156,2014/07/22,"06,27,28,35,38"
2157,2014/07/23,"02,07,11,12,34"
2158,2014/07/24,"03,10,13,25,39"
2159,2014/07/25,"02,10,17,20,29"
2160,2014/07/26,"02,05,12,17,33"
2161,2014/07/28,"07,11,25,26,28"
2162,2014/07/29,"02,04,26,32,35"
2163,2014/07/30,"12,23,28,37,39"
2164,2014/07/31,"01,06,20,24,33"
2165,2014/08/01,"05,09,16,18,31"
2166,2014/08/02,"05,15,24,26,29"
2167,2014/08/04,"10,12,20,23,27"
2168,2014/08/05,"01,11,16,32,39"
2169,2014/08/06,"06,08,11,15,38"
2170,2014/08/07,"10,17,18,37,39"
2171,2014/08/08,"08,18,27,31,34"
2172,2014/08/09,"13,20,25,28,30"
2173,2014/08/11,"05,18,20,28,38"
2174,2014/08/12,"03,14,23,24,37"
2175,2014/08/13,"12,16,23,30,32"
2176,2014/08/14,"19,21,29,32,34"
2177,2014/08/15,"03,07,12,20,39"
2178,2014/08/16,"06,10,16,22,26"
2179,2014/08/18,"09,18,19,20,35"
2180,2014/08/19,"12,15,32,34,38"
2181,2014/08/20,"09,15,26,37,39"
2182,2014/08/21,"10,23,29,34,36"
2183,2014/08/22,"03,04,18,37,38"
2184,2014/08/23,"08,09,11,17,30"
2185,2014/08/25,"03,10,13,23,34"
2186,2014/08/26,"15,19,28,36,39"
2187,2014/08/27,"10,17,18,23,34"
2188,2014/08/28,"05,10,22,24,36"
2189,2014/08/29,"04,05,11,16,20"
2190,2014/08/30,"20,23,25,26,37"
2191,2014/09/01,"02,11,15,25,33"
2192,2014/09/02,"16,19,24,31,38"
2193,2014/09/03,"10,17,25,33,34"
2194,2014/09/04,"13,14,15,27,30"
2195,2014/09/05,"13,15,20,32,37"
2196,2014/09/06,"14,18,31,34,38"
2197,2014/09/08,"04,17,20,30,39"
2198,2014/09/09,"02,07,19,25,39"
2199,2014/09/10,"03,10,11,16,17"
2200,2014/09/11,"18,20,23,32,35"
2201,2014/09/12,"03,13,17,20,31"
2202,2014/09/13,"08,24,27,31,37"
2203,2014/09/15,"05,13,14,16,18"
2204,2014/09/16,"13,17,23,35,36"
2205,2014/09/17,"01,10,15,26,38"
2206,2014/09/18,"01,15,22,23,38"
2207,2014/09/19,"07,10,12,18,36"
2208,2014/09/20,"03,13,15,27,36"
2209,2014/09/22,"03,04,05,07,37"
2210,2014/09/23,"05,07,08,09,17"
2211,2014/09/24,"17,28,29,30,38"
2212,2014/09/25,"13,14,27,28,39"
2213,2014/09/26,"04,26,28,38,39"
2214,2014/09/27,"05,12,14,15,23"
2215,2014/09/29,"02,03,16,22,27"
2216,2014/09/30,"05,08,14,27,28"
2217,2014/10/01,"12,17,22,37,38"
2218,2014/10/02,"04,17,36,37,39"
2219,2014/10/03,"04,05,23,35,36"
2220,2014/10/04,"05,14,16,22,33"
2221,2014/10/06,"20,21,25,27,36"
2222,2014/10/07,"04,05,19,20,22"
2223,2014/10/08,"02,05,06,17,32"
2224,2014/10/09,"09,13,18,23,32"
2225,2014/10/10,"11,19,31,35,36"
2226,2014/10/11,"05,06,09,10,22"
2227,2014/10/13,"04,14,21,27,35"
2228,2014/10/14,"05,14,21,33,35"
2229,2014/10/15,"06,09,18,29,30"
2230,2014/10/16,"01,12,26,29,32"
2231,2014/10/17,"18,19,24,35,37"
2232,2014/10/18,"09,14,23,31,36"
2233,2014/10/20,"04,09,23,32,33"
2234,2014/10/21,"02,06,19,22,33"
2235,2014/10/22,"15,19,28,29,39"
2236,2014/10/23,"03,05,14,18,19"
2237,2014/10/24,"07,12,25,33,37"
2238,2014/10/25,"05,10,27,31,39"
2239,2014/10/27,"02,03,05,23,37"
2240,2014/10/28,"05,10,27,29,30"
2241,2014/10/29,"07,15,18,20,34"
2242,2014/10/30,"08,09,14,31,34"
2243,2014/10/31,"06,11,18,27,38"
2244,2014/11/01,"11,17,34,36,37"
2245,2014/11/03,"05,12,28,29,34"
2246,2014/11/04,"09,11,16,36,37"
2247,2014/11/05,"03,08,29,34,38"
2248,2014/11/06,"05,13,26,27,28"
2249,2014/11/07,"13,17,27,34,36"
2250,2014/11/08,"16,20,24,26,38"
2251,2014/11/10,"11,19,25,37,39"
2252,2014/11/11,"08,13,20,30,34"
2253,2014/11/12,"05,06,09,12,20"
2254,2014/11/13,"08,21,27,30,37"
2255,2014/11/14,"01,04,19,22,33"
2256,2014/11/15,"16,21,25,27,37"
2257,2014/11/17,"08,16,18,19,31"
2258,2014/11/18,"14,19,23,25,26"
2259,2014/11/19,"23,27,29,32,36"
2260,2014/11/20,"07,11,25,30,38"
2261,2014/11/21,"02,24,36,37,38"
2262,2014/11/22,"05,09,10,22,25"
2263,2014/11/24,"10,18,25,26,39"
2264,2014/11/25,"03,08,14,32,37"
2265,2014/11/26,"04,05,07,15,36"
2266,2014/11/27,"02,14,19,20,35"
2267,2014/11/28,"23,26,30,34,39"
2268,2014/11/29,"02,16,18,23,30"
2269,2014/12/01,"10,12,20,27,37"
2270,2014/12/02,"17,19,22,24,37"
2271,2014/12/03,"09,20,21,23,35"
2272,2014/12/04,"11,16,18,19,28"
2273,2014/12/05,"14,16,20,25,36"
2274,2014/12/06,"01,14,18,32,37"
2275,2014/12/08,"02,08,24,27,35"
2276,2014/12/09,"04,09,13,21,32"
2277,2014/12/10,"03,11,30,33,39"
2278,2014/12/11,"11,13,32,33,37"
2279,2014/12/12,"03,17,24,36,38"
2280,2014/12/13,"17,22,25,35,37"
2281,2014/12/15,"17,20,23,26,35"
2282,2014/12/16,"04,21,22,24,34"
2283,2014/12/17,"02,04,25,26,36"
2284,2014/12/18,"04,05,16,23,32"
2285,2014/12/19,"10,15,17,22,27"
2286,2014/12/20,"04,15,17,21,22"
2287,2014/12/22,"06,08,17,27,29"
2288,2014/12/23,"11,18,21,30,38"
2289,2014/12/24,"08,19,24,33,36"
2290,2014/12/25,"16,21,26,28,29"
2291,2014/12/26,"07,27,31,33,34"
2292,2014/12/27,"11,16,28,32,34"
2293,2014/12/29,"07,19,20,26,39"
2294,2014/12/30,"04,05,21,24,26"
2295,2014/12/31,"05,19,26,30,33"
2296,2015/01/01,"10,11,21,26,32"
2297,2015/01/02,"07,09,18,28,30"
2298,2015/01/03,"09,14,28,31,32"
2299,2015/01/05,"09,10,16,24,28"
